itemcode,etfTabCode,itemname,nowVal,risefall,changeVal,changeRate,nav,threeMonthEarnRate,quant,amonut,marketSum,브랜드
069500,1,KODEX 200,28390,5,-715,-2.46,28412.0,-7.9422,11126915,316767,47383,KODEX
371460,4,TIGER 차이나전기차SOLACTIVE,13765,5,-460,-3.23,13768.0,-21.0162,2955331,41072,32843,TIGER
423160,7,KODEX KOFR금리액티브(합성),100855,3,0,0.0,100862.0,0.5733,82955,8366,30222,KODEX
252670,3,KODEX 200선물인버스2X,3835,2,180,4.92,3857.0,15.4818,349835871,1331364,23432,KODEX
133690,4,TIGER 미국나스닥100,72225,5,-355,-0.49,72618.0,4.2771,191792,13805,21140,TIGER
122630,3,KODEX 레버리지,11955,5,-615,-4.89,11977.0,-16.6446,58974824,708491,20072,KODEX
102110,1,TIGER 200,28415,5,-715,-2.45,28429.0,-7.8515,1827427,52035,18740,TIGER
157450,6,TIGER 단기통안채,101330,2,5,0.0,101328.0,0.3764,2082044,210981,18614,TIGER
360750,4,TIGER 미국S&P500,13150,5,-65,-0.49,13194.0,4.6649,1257264,16478,18121,TIGER
292150,2,TIGER TOP10,9330,5,-240,-2.51,9323.0,-7.5452,410666,3835,16901,TIGER
214980,6,KODEX 단기채권PLUS,103975,2,5,0.0,104035.0,0.2023,41637,4330,15875,KODEX
102780,2,KODEX 삼성그룹,7830,5,-180,-2.25,7833.0,-4.0719,1254094,9808,15730,KODEX
357870,7,TIGER CD금리투자KIS(합성),51225,5,-5,-0.01,51229.0,0.5989,21088,1080,14164,TIGER
381170,4,TIGER 미국테크TOP10 INDXX,10580,5,-115,-1.08,10667.0,3.5835,712769,7527,14114,TIGER
381180,4,TIGER 미국필라델피아반도체나스닥,9200,5,-45,-0.49,9282.0,-1.3025,1132598,10412,13864,TIGER
153130,6,KODEX 단기채권,103630,3,0,0.0,103648.0,0.1982,897338,92979,12429,KODEX
273130,6,KODEX 종합채권(AA-이상)액티브,98145,2,75,0.08,98228.0,-2.8626,1965,191,12130,KODEX
278530,1,KODEX 200TR,9490,5,-215,-2.22,9482.0,-8.0531,3049260,28879,11844,KODEX
305720,2,KODEX 2차전지산업,17580,5,-740,-4.04,17605.0,-4.2843,2629110,47073,11656,KODEX
305540,2,TIGER 2차전지테마,16820,5,-830,-4.7,16848.0,-9.972,1528665,26263,11421,TIGER
310970,1,TIGER MSCI Korea TR,11640,5,-245,-2.06,11634.0,-8.1885,3689,42,10779,TIGER
148020,1,KBSTAR 200,28535,5,-695,-2.38,28542.0,-7.7657,170121,4885,9973,KBSTAR
114800,3,KODEX 인버스,5420,2,125,2.36,5438.0,8.2822,45240335,244425,9485,KODEX
233740,3,KODEX 코스닥150레버리지,6270,5,-450,-6.7,6277.0,-21.7695,47571498,304587,7775,KODEX
139260,2,TIGER 200 IT,24845,5,-795,-3.1,24918.0,-8.4286,135095,3373,6728,TIGER
394670,4,TIGER 글로벌리튬&2차전지SOLACTIVE(합성),10870,5,-150,-1.36,10872.0,0.3186,197650,2156,6226,TIGER
272580,6,TIGER 단기채권액티브,50730,5,-10,-0.02,50737.0,0.4354,6929,351,6128,TIGER
329750,6,TIGER 미국달러단기채권액티브,12350,2,165,1.35,12318.0,11.025,490811,6033,6065,TIGER
091180,2,KODEX 자동차,16825,5,-525,-3.03,16831.0,-2.1157,332689,5599,5695,KODEX
152100,1,ARIRANG 200,28890,5,-725,-2.45,28901.0,-7.8133,57342,1663,5634,ARIRANG
294400,1,KOSEF 200TR,34480,5,-855,-2.42,34475.0,-7.8618,383908,13213,5603,KOSEF
293180,1,HANARO 200,28460,5,-725,-2.48,28486.0,-7.9077,113756,3243,5535,HANARO
278540,1,KODEX MSCI Korea TR,9250,5,-235,-2.48,9265.0,-8.002,400524,3703,5476,KODEX
315930,2,KODEX Top5PlusTR,13825,5,-250,-1.78,13824.0,-8.3361,15778,217,5323,KODEX
196230,6,KBSTAR 단기통안채,105575,2,20,0.02,105570.0,0.2993,370549,39116,5211,KBSTAR
379800,4,KODEX 미국S&P500TR,11655,5,-45,-0.38,11676.0,4.9798,513280,5954,5093,KODEX
360200,4,KINDEX 미국S&P500,13280,5,-60,-0.45,13316.0,4.9072,129293,1708,5046,KINDEX
105190,1,KINDEX 200,28540,5,-685,-2.34,28543.0,-7.9093,422334,12034,4752,KINDEX
251350,4,KODEX 선진국MSCI World,19720,5,-55,-0.28,19744.0,1.9855,51044,1001,4674,KODEX
251340,3,KODEX 코스닥150선물인버스,5720,2,185,3.34,5730.0,9.2793,80824605,456889,4593,KODEX
367380,4,KINDEX 미국나스닥100,12395,5,-75,-0.6,12479.0,4.3427,73956,914,4140,KINDEX
229200,1,KODEX 코스닥150,9550,5,-330,-3.34,9612.0,-10.6287,20873796,201226,4102,KODEX
385540,6,KBSTAR KIS종합채권(A-이상)액티브,91070,5,-200,-0.22,91196.0,-2.1391,140,12,3954,KBSTAR
364980,2,TIGER KRX2차전지K-뉴딜,12715,5,-430,-3.27,12753.0,-5.2954,1764472,22708,3872,TIGER
273140,6,KODEX 단기변동금리부채권액티브,104230,5,-110,-0.11,104227.0,0.7191,3507,365,3862,KODEX
226490,1,KODEX 코스피,22045,5,-560,-2.48,22057.0,-6.9754,242901,5371,3836,KODEX
143850,4,TIGER 미국S&P500선물(H),42545,5,-740,-1.71,42397.0,-5.7383,257798,10957,3797,TIGER
379810,4,KODEX 미국나스닥100TR,10630,5,-70,-0.65,10705.0,4.4921,207154,2197,3736,KODEX
314250,4,KODEX 미국FANG플러스(H),18225,5,-405,-2.17,18430.0,-9.8912,75487,1381,3563,KODEX
148070,6,KOSEF 국고채10년,103575,5,-365,-0.35,103660.0,-3.3072,67813,6963,3480,KOSEF
241180,4,TIGER 일본니케이225,15230,5,-75,-0.49,15288.0,0.9897,11078,167,3341,TIGER
069660,1,KOSEF 200,28425,5,-735,-2.52,28428.0,-7.8091,110409,3135,3326,KOSEF
371160,4,TIGER 차이나항셍테크,5665,5,-60,-1.05,5635.0,-19.3662,312607,1775,3300,TIGER
213610,2,KODEX 삼성그룹밸류,7640,5,-190,-2.43,7638.0,-3.8675,22647,172,3270,KODEX
190620,6,KINDEX 단기통안채,100955,3,0,0.0,100958.0,0.3628,18502,1868,2664,KINDEX
367770,2,KBSTAR Fn수소경제테마,9050,5,-250,-2.69,9051.0,0.0537,79336,717,2566,KBSTAR
401470,2,KODEX K-메타버스액티브,7255,5,-345,-4.54,7254.0,-5.4139,407488,2988,2507,KODEX
385550,6,KBSTAR KIS단기종합채권(AA-이상)액티브,101065,2,10,0.01,101070.0,0.238,2509,253,2411,KBSTAR
329200,2,TIGER 리츠부동산인프라,5155,5,-45,-0.87,5148.0,-10.0813,241846,1239,2410,TIGER
400970,2,TIGER Fn메타버스,6835,5,-415,-5.72,6836.0,-9.9379,549263,3823,2382,TIGER
368590,4,KBSTAR 미국나스닥100,12020,5,-45,-0.37,12098.0,4.0893,138513,1658,2332,KBSTAR
394660,4,TIGER 글로벌자율주행&전기차SOLACTIVE,9780,5,-90,-0.91,9861.0,2.3858,106472,1041,2328,TIGER
332940,1,HANARO MSCI Korea TR,11590,5,-315,-2.65,11625.0,-7.9274,50,0,2248,HANARO
290130,2,KBSTAR ESG사회책임투자,9395,5,-195,-2.03,9396.0,-9.0996,25177,236,2128,KBSTAR
414780,4,TIGER 차이나과창판STAR50(합성),7680,5,-70,-0.9,7785.0,-8.9307,29406,226,2100,TIGER
436140,6,SOL 종합채권(AA-이상)액티브,94840,5,-225,-0.24,94810.0,,3016,285,2080,SOL
379780,4,KBSTAR 미국S&P500,11480,5,-30,-0.26,11511.0,4.6268,32649,373,2043,KBSTAR
364960,2,TIGER KRX BBIG K-뉴딜,6560,5,-130,-1.94,6559.0,-14.4502,503736,3325,1952,TIGER
282000,3,KBSTAR 국고채3년선물인버스,106455,5,-200,-0.19,106653.0,1.7312,10047,1072,1844,KBSTAR
192090,4,TIGER 차이나CSI300,10140,5,-65,-0.64,10177.0,-9.0869,93395,953,1800,TIGER
168580,4,KINDEX 중국본토CSI300,27335,5,-15,-0.05,27441.0,-10.3279,213,5,1777,KINDEX
091160,2,KODEX 반도체,22420,5,-550,-2.39,22417.0,-19.4318,179448,4061,1760,KODEX
228800,2,TIGER 여행레저,3845,5,-95,-2.41,3860.0,-1.2532,1288903,4968,1751,TIGER
407310,1,HANARO 200 TOP10,7210,5,-185,-2.5,7233.0,-5.8562,421,3,1745,HANARO
132030,5,KODEX 골드선물(H),10800,5,-100,-0.92,10791.0,-11.5978,190609,2060,1706,KODEX
161510,2,ARIRANG 고배당주,10580,5,-185,-1.72,10581.0,-4.9868,49432,522,1666,ARIRANG
261260,7,KODEX 미국달러선물인버스2X,5860,5,-170,-2.82,5846.0,-18.9517,2122412,12544,1657,KODEX
245710,4,KINDEX 베트남VN30(합성),20630,5,-90,-0.43,20654.0,3.1872,22799,466,1650,KINDEX
412770,4,TIGER 글로벌메타버스액티브,6435,5,-55,-0.85,6478.0,-5.0476,222600,1428,1613,TIGER
329650,7,KODEX TRF3070,10580,2,40,0.38,10582.0,-1.0794,38419,404,1534,KODEX
302450,1,KBSTAR 코스피,22195,5,-540,-2.38,22201.0,-7.242,251432,5572,1531,KBSTAR
252710,3,TIGER 200선물인버스2X,4030,2,190,4.95,4042.0,16.012,10880492,43600,1527,TIGER
275980,4,TIGER 글로벌4차산업혁신기술(합성 H),13205,5,-175,-1.31,13219.0,-9.3496,19356,254,1505,TIGER
091170,2,KODEX 은행,5500,5,-35,-0.63,5518.0,-13.9861,738674,4037,1504,KODEX
295040,1,SOL 200TR,9870,5,-245,-2.42,9865.0,-7.878,1201235,11833,1436,SOL
261240,7,KODEX 미국달러선물,12795,2,155,1.23,12828.0,11.1697,222919,2843,1432,KODEX
182480,7,TIGER 미국MSCI리츠(합성 H),11270,5,-375,-3.22,11524.0,-10.9982,153455,1732,1403,TIGER
363570,6,KODEX 장기종합채권(AA-이상)액티브KAP,80335,5,-765,-0.94,80986.0,-4.2503,1969,158,1383,KODEX
143860,2,TIGER 헬스케어,25085,2,65,0.26,25230.0,-12.4563,103675,2616,1375,TIGER
356540,6,KINDEX 종합채권(AA-이상)KIS액티브,89450,3,0,0.0,89434.0,-2.2298,10,0,1357,KINDEX
409820,4,KODEX 미국나스닥100레버리지(합성 H),4260,5,-190,-4.27,4309.0,-12.7451,2056366,8782,1355,KODEX
401170,2,KBSTAR iSelect메타버스,6090,5,-345,-5.36,6096.0,-11.6679,145020,900,1337,KBSTAR
325020,2,KODEX 배당가치,10420,5,-235,-2.21,10413.0,-6.4941,2216,23,1334,KODEX
372330,4,KODEX 차이나항셍테크,5705,5,-20,-0.35,5642.0,-19.9301,136891,778,1321,KODEX
326240,2,KBSTAR IT플러스,14040,5,-445,-3.07,14038.0,-11.0258,10174,142,1303,KBSTAR
395170,2,KODEX Fn Top10동일가중,6775,5,-145,-2.1,6773.0,-5.2704,6511,44,1301,KODEX
385560,6,KBSTAR KIS국고채30년Enhanced,62255,5,-620,-0.99,62324.0,-9.5454,53057,3231,1295,KBSTAR
219480,4,KODEX 미국S&P500선물(H),17425,5,-315,-1.78,17359.0,-5.8137,103822,1805,1255,KODEX
232080,1,TIGER 코스닥150,9800,5,-335,-3.31,9862.0,-10.7835,200947,1983,1252,TIGER
138540,2,TIGER 현대차그룹+펀더멘털,20665,5,-700,-3.28,20667.0,-1.8829,34963,723,1215,TIGER
438330,6,TIGER 투자등급회사채액티브,98215,2,80,0.08,98201.0,,2271,222,1208,TIGER
328370,1,ARIRANG 코스피TR,11220,5,-280,-2.43,11255.0,-7.0332,9714,109,1184,ARIRANG
277630,1,TIGER 코스피,22355,5,-550,-2.4,22363.0,-7.2297,58297,1302,1140,TIGER
114260,6,KODEX 국고채3년,55185,2,30,0.05,55138.0,-1.014,13384,737,1129,KODEX
411420,4,KODEX 미국메타버스나스닥액티브,6650,5,-60,-0.89,6708.0,-1.9723,187906,1242,1124,KODEX
130730,6,KOSEF 단기자금,101645,2,5,0.0,101647.0,0.3059,2067,210,1114,KOSEF
304940,4,KODEX 미국나스닥100선물(H),14040,5,-255,-1.78,14122.0,-6.2931,165754,2324,1088,KODEX
305080,6,TIGER 미국채10년선물,12440,2,55,0.44,12429.0,5.5839,59334,733,1082,TIGER
415340,4,KODEX 차이나과창판STAR50(합성),7645,5,-145,-1.86,7938.0,-8.4069,6755,52,1070,KODEX
150460,2,TIGER 중국소비테마,6375,5,-145,-2.22,6373.0,-3.7639,17005,107,1056,TIGER
123310,3,TIGER 인버스,6050,2,140,2.37,6064.0,8.3409,2859886,17192,1047,TIGER
332930,1,HANARO 200TR,34485,5,-880,-2.49,34513.0,-7.9157,1119,38,1035,HANARO
091230,2,TIGER 반도체,23190,5,-620,-2.6,23239.0,-18.5148,146514,3412,1011,TIGER
228810,2,TIGER 미디어컨텐츠,5645,5,-340,-5.68,5659.0,-9.2495,294784,1699,1008,TIGER
245340,4,TIGER 미국다우존스30,20745,5,-45,-0.22,20864.0,3.0687,13840,285,1004,TIGER
365780,6,KINDEX 국고채10년,82615,5,-55,-0.07,82641.0,-3.3043,3880,317,1001,KINDEX
270810,1,KBSTAR 코스닥150,9510,5,-315,-3.21,9567.0,-10.8844,30666,297,993,KBSTAR
271050,5,KODEX WTI원유선물인버스(H),5215,2,25,0.48,5223.0,24.4604,1646169,8554,992,KODEX
283580,4,KODEX 차이나CSI300,12520,5,-25,-0.2,12469.0,-9.3242,168523,2097,926,KODEX
245360,4,TIGER 차이나HSCEI,9295,5,-50,-0.54,9261.0,-11.0424,2426,22,925,TIGER
364970,2,TIGER KRX바이오K-뉴딜,5855,2,35,0.6,5870.0,-12.2834,486198,2861,905,TIGER
422420,2,KBSTAR 2차전지액티브,8385,5,-350,-4.01,8377.0,-9.809,171570,1457,902,KBSTAR
437350,6,KBSTAR 미국단기투자등급회사채액티브,10665,2,105,0.99,10622.0,,23057,244,885,KBSTAR
309230,4,KINDEX 미국WideMoat가치주,17270,5,-140,-0.8,17401.0,0.3169,228934,3950,829,KINDEX
419430,4,KODEX 차이나2차전지MSCI(합성),9590,5,-200,-2.04,9614.0,-20.3094,183011,1787,806,KODEX
367760,2,KBSTAR Fn5G테크,7160,5,-260,-3.5,7190.0,-5.658,46686,335,806,KBSTAR
139220,2,TIGER 200 건설,2435,5,-100,-3.94,2442.0,2.6315,224904,552,801,TIGER
414270,4,KINDEX G2전기차&자율주행액티브,9565,5,-75,-0.78,9604.0,-5.258,233701,2260,784,KINDEX
261220,5,KODEX WTI원유선물(H),13765,5,-105,-0.76,13784.0,-24.3111,227569,3146,774,KODEX
361580,1,KBSTAR 200TR,14955,5,-355,-2.32,14943.0,-7.8544,516164,7699,770,KBSTAR
272560,6,KBSTAR 단기국공채액티브,102335,2,45,0.04,102352.0,0.0684,8792,899,765,KBSTAR
261270,7,KODEX 미국달러선물인버스,7930,5,-95,-1.18,7914.0,-9.9327,236728,1882,764,KODEX
204480,4,TIGER 차이나CSI300레버리지(합성),21780,5,-395,-1.78,21927.0,-18.7581,14374,315,745,TIGER
144600,5,KODEX 은선물(H),3620,5,-105,-2.82,3601.0,-13.9723,338535,1232,735,KODEX
139280,2,TIGER 경기방어,8745,5,-65,-0.74,8741.0,-6.8809,3010,26,701,TIGER
302190,6,TIGER 중장기국채,46795,2,75,0.16,46765.0,-2.1981,2963,137,693,TIGER
337160,2,KODEX 200ESG,10480,5,-265,-2.47,10477.0,-7.9264,95747,999,692,KODEX
278240,3,KBSTAR 코스닥150선물레버리지,6745,5,-540,-7.41,6745.0,-21.4979,246793,1697,688,KBSTAR
114820,6,TIGER 국채3년,103645,2,35,0.03,103662.0,-0.8821,882,92,684,TIGER
363510,6,SOL KIS단기통안채,101395,2,15,0.01,101396.0,0.3812,166771,16909,669,SOL
200250,4,KOSEF 인도Nifty50(합성),19545,5,-35,-0.18,19677.0,13.1791,20498,398,665,KOSEF
174360,4,KBSTAR 중국본토대형주CSI100,18375,5,-125,-0.68,18351.0,-10.1506,2775,50,662,KBSTAR
439870,6,KODEX 국고채30년액티브,87890,5,-660,-0.75,87645.0,,4108,351,660,KODEX
267770,3,TIGER 200선물레버리지,9095,5,-470,-4.91,9062.0,-16.2435,690512,6326,646,TIGER
402970,4,KINDEX 미국고배당S&P,10610,5,-90,-0.84,10621.0,4.0248,20221,213,637,KINDEX
322400,2,HANARO e커머스,11355,5,-215,-1.86,11351.0,-13.0076,9260,105,636,HANARO
195980,4,ARIRANG 신흥국MSCI(합성 H),8285,5,-55,-0.66,8260.0,-14.0207,112427,924,615,ARIRANG
390390,4,KODEX 미국반도체MV,9345,2,35,0.38,9426.0,-2.1031,11313,105,607,KODEX
266160,2,KBSTAR 고배당,10075,5,-250,-2.42,10109.0,-6.2217,7376,74,605,KBSTAR
337150,2,KODEX 200exTOP,9805,5,-195,-1.95,9812.0,-8.7175,5,0,598,KODEX
298770,4,KODEX 한국대만IT프리미어,15335,5,-320,-2.04,15299.0,-7.3395,20395,314,598,KODEX
152870,1,파워 200,28730,5,-730,-2.48,28747.0,-7.9548,2724,79,589,파워
139230,2,TIGER 200 중공업,2760,5,-140,-4.83,2762.0,-2.8476,796081,2230,587,TIGER
363580,2,KODEX 200IT TR,9430,5,-340,-3.48,9471.0,-8.5206,2772,26,585,KODEX
385510,2,KODEX K-신재생에너지액티브,10295,5,-410,-3.83,10294.0,3.7306,76953,804,582,KODEX
417630,2,TIGER KEDI혁신기업ESG30,8240,5,-215,-2.54,8258.0,-6.1599,200876,1671,577,TIGER
157490,2,TIGER 소프트웨어,8535,5,-240,-2.74,8538.0,-16.7063,262929,2247,575,TIGER
117700,2,KODEX 건설,2605,5,-115,-4.23,2611.0,0.0,219665,581,568,KODEX
396500,2,TIGER Fn반도체TOP10,6210,5,-105,-1.66,6209.0,-14.6622,192493,1194,562,TIGER
306520,3,HANARO 200선물인버스,12500,2,270,2.21,12551.0,8.4219,13978,175,556,HANARO
371470,4,TIGER 차이나바이오테크SOLACTIVE,7115,2,10,0.14,7164.0,-15.3663,17060,121,555,TIGER
228790,2,TIGER 화장품,1970,5,-65,-3.19,1963.0,-6.4368,887727,1757,550,TIGER
225040,4,TIGER 미국S&P500레버리지(합성 H),20590,5,-715,-3.36,20788.0,-12.9698,34069,700,544,TIGER
385520,2,KODEX K-미래차액티브,8420,5,-345,-3.94,8419.0,-7.3957,19461,167,543,KODEX
388280,2,KBSTAR Fn컨택트대표,7360,5,-185,-2.45,7359.0,-5.154,13913,101,539,KBSTAR
261250,7,KODEX 미국달러선물레버리지,14830,2,375,2.59,14883.0,22.6039,259625,3818,531,KODEX
400570,4,KODEX 유럽탄소배출권선물ICE(H),10745,5,-285,-2.58,10696.0,-16.2491,61235,658,531,KODEX
437080,6,KODEX 미국종합채권SRI액티브(H),92840,5,-580,-0.62,92728.0,,2692,250,523,KODEX
397410,6,KBSTAR 국채선물5년추종인버스,55290,5,-40,-0.07,55558.0,2.3113,38,2,521,KBSTAR
387270,4,TIGER 글로벌BBIG액티브,9895,5,-65,-0.65,10018.0,-1.2395,8316,82,518,TIGER
354350,4,HANARO 글로벌럭셔리S&P(합성),16145,5,-65,-0.4,16231.0,4.987,12798,205,518,HANARO
390950,6,HANARO 단기채권액티브,101025,2,15,0.01,101046.0,0.2431,4803,485,506,HANARO
225030,4,TIGER 미국S&P500선물인버스(H),4435,2,100,2.31,4449.0,4.8367,2698394,11986,501,TIGER
423920,4,TIGER 미국필라델피아반도체레버리지(합성),7705,5,-30,-0.39,7813.0,-7.0313,185632,1429,501,TIGER
419890,6,히어로즈 단기채권ESG액티브,99860,5,-5,-0.01,99877.0,0.261,2,0,499,히어로즈
411540,1,SOL 200 Top10,7370,5,-175,-2.32,7385.0,-6.2733,367,2,494,SOL
122260,6,KOSEF 통안채1년,100725,2,95,0.09,100743.0,-0.2182,4321,434,494,KOSEF
269540,4,ARIRANG 미국S&P500(H),15630,5,-250,-1.57,15678.0,-4.2797,31192,487,485,ARIRANG
325010,2,KODEX Fn성장,11750,5,-315,-2.61,11747.0,-9.2516,8752,102,482,KODEX
256440,4,KINDEX 인도네시아MSCI(합성),11745,2,125,1.08,11865.0,15.5069,17893,208,482,KINDEX
310960,1,TIGER 200TR,15435,5,-380,-2.4,15437.0,-8.0524,7570,116,478,TIGER
371450,4,TIGER 글로벌클라우드컴퓨팅INDXX,8240,3,0,0.0,8322.0,-2.5429,4623,37,478,TIGER
195930,4,TIGER 유로스탁스50(합성 H),11360,5,-380,-3.24,11572.0,-4.1242,2954,33,477,TIGER
440640,6,KINDEX 단기채권알파액티브,99815,2,35,0.04,99815.0,,100,9,463,KINDEX
099140,4,KODEX 차이나H,15895,5,-135,-0.84,15961.0,-11.2649,32216,512,461,KODEX
437070,6,KODEX 아시아달러채권SRI플러스액티브,52135,2,225,0.43,52191.0,,15084,784,458,KODEX
432600,6,KBSTAR 국채선물3년,49645,2,30,0.06,49587.0,-0.77,5,0,455,KBSTAR
387280,2,TIGER 퓨처모빌리티액티브,8130,5,-1365,-14.38,8089.0,1.5508,63570,528,450,TIGER
217770,5,TIGER 원유선물인버스(H),3660,2,35,0.97,3652.0,24.5704,928237,3380,448,TIGER
315960,2,KBSTAR 대형고배당10TR,12490,5,-285,-2.23,12489.0,-5.6848,20532,255,443,KBSTAR
256750,4,KODEX 차이나심천ChiNext(합성),10975,5,-195,-1.75,11169.0,-15.3147,42117,464,439,KODEX
136340,6,KBSTAR 중기우량회사채,99980,5,-150,-0.15,100134.0,-1.0818,2210,220,435,KBSTAR
429760,4,ARIRANG 미국S&P500,10020,5,-65,-0.64,10064.0,4.7792,2914,29,431,ARIRANG
204450,4,KODEX 차이나H레버리지(H),1945,5,-75,-3.71,1921.0,-37.8462,373208,728,430,KODEX
276970,4,KODEX 미국S&P500배당귀족커버드콜(합성 H),8250,5,-115,-1.37,8243.0,-8.4692,21701,178,429,KODEX
396510,4,TIGER 차이나클린에너지SOLACTIVE,9695,5,-255,-2.56,9712.0,-4.0964,21061,205,423,TIGER
203780,4,TIGER 미국나스닥바이오,19435,2,125,0.65,19580.0,5.6923,8533,165,420,TIGER
252420,3,KBSTAR 200선물인버스2X,3790,2,155,4.26,3828.0,15.9489,656828,2491,413,KBSTAR
397420,6,KBSTAR 국채선물5년추종,45965,5,-40,-0.09,45786.0,-1.3827,65,2,408,KBSTAR
233160,3,TIGER 코스닥150 레버리지,6865,5,-465,-6.34,6824.0,-21.9798,632224,4413,402,TIGER
411060,5,KINDEX KRX금현물,10780,2,40,0.37,10808.0,-2.2748,37445,403,399,KINDEX
439860,6,KODEX ESG종합채권(A-이상)액티브,98105,2,255,0.26,98109.0,,511,50,396,KODEX
368190,2,HANARO Fn K-뉴딜디지털플러스,7775,5,-110,-1.4,7774.0,-9.8342,3023,23,393,HANARO
418660,4,TIGER 미국나스닥100레버리지(합성),8800,5,-50,-0.56,8893.0,5.7979,1125657,9862,392,TIGER
395750,2,ARIRANG ESG가치주액티브,6785,5,-195,-2.79,6808.0,-8.2786,22508,153,387,ARIRANG
279530,2,KODEX 고배당,8890,5,-175,-1.93,8888.0,-1.7345,20408,181,373,KODEX
407830,4,에셋플러스 글로벌플랫폼액티브,6360,2,20,0.32,6409.0,6.4651,23270,147,363,에셋플러스
385720,1,TIMEFOLIO Kstock액티브,7390,5,-205,-2.7,7399.0,-6.8099,25638,188,362,TIMEFOLIO
284430,6,KODEX 200미국채혼합,11880,5,-70,-0.59,11846.0,-0.0837,36005,427,361,KODEX
373790,4,KOSEF 미국방어배당성장나스닥,13815,5,-225,-1.6,13873.0,5.9063,4102,56,359,KOSEF
336160,6,KBSTAR 금융채액티브,97385,5,-140,-0.14,97587.0,-1.47,3,0,358,KBSTAR
123320,3,TIGER 레버리지,11505,5,-570,-4.72,11466.0,-16.4649,184678,2135,357,TIGER
400590,4,SOL 글로벌탄소배출권선물IHS(합성),11075,5,-30,-0.27,11043.0,-10.2264,19168,211,354,SOL
394350,4,KOSEF 릭소글로벌퓨처모빌리티MSCI,10105,5,-10,-0.1,10162.0,2.1717,518,5,354,KOSEF
341850,7,TIGER 리츠부동산인프라채권TR KIS,5035,5,-10,-0.2,5030.0,-7.8371,111066,552,352,TIGER
359210,1,KODEX 코스피TR,10280,5,-250,-2.37,10275.0,-7.3064,5279,54,350,KODEX
304660,6,KODEX 미국채울트라30년선물(H),8675,5,-265,-2.96,8624.0,-6.5831,197861,1718,347,KODEX
114470,6,KOSEF 국고채3년,104920,2,25,0.02,105367.0,-1.254,45,4,346,KOSEF
391600,4,KINDEX 미국친환경그린테마INDXX,11065,5,-110,-0.98,11191.0,14.6153,29936,330,343,KINDEX
152380,6,KODEX 국채선물10년,59775,5,-140,-0.23,59245.0,-2.8222,56952,3373,341,KODEX
236350,4,TIGER 인도니프티50레버리지(합성),27860,2,170,0.61,28011.0,29.6651,4625,125,340,TIGER
433330,4,SOL 미국S&P500,10945,5,-35,-0.32,10972.0,4.0659,59000,642,339,SOL
102970,2,KODEX 증권,5155,5,-95,-1.81,5151.0,-13.0795,184272,944,335,KODEX
210780,2,TIGER 코스피고배당,12390,5,-245,-1.94,12385.0,-5.4267,4034,49,335,TIGER
300640,2,KBSTAR 게임테마,9950,5,-395,-3.82,9942.0,-11.3539,19620,196,333,KBSTAR
114460,6,KINDEX 국고채3년,99965,2,555,0.56,99919.0,-1.4299,41592,4139,330,KINDEX
441640,4,KODEX 미국배당프리미엄액티브,9960,5,-40,-0.4,10055.0,,152391,1518,329,KODEX
244580,2,KODEX 바이오,7210,5,-45,-0.62,7363.0,-13.3732,88802,641,323,KODEX
337140,2,KODEX 코스피대형주,10340,5,-250,-2.36,10339.0,-7.1949,1194,12,321,KODEX
117680,2,KODEX 철강,7035,5,-235,-3.23,7054.0,-3.3245,171812,1219,320,KODEX
138230,7,KOSEF 미국달러선물,15200,2,200,1.33,15225.0,11.1522,22291,337,319,KOSEF
137610,5,TIGER 농산물선물Enhanced(H),7730,5,-25,-0.32,7784.0,-5.4269,18027,139,317,TIGER
365000,2,TIGER KRX인터넷K-뉴딜,4430,5,-145,-3.17,4430.0,-21.9949,107075,478,317,TIGER
404260,2,KODEX KRX기후변화솔루션,8335,5,-195,-2.29,8339.0,-1.5012,279,2,317,KODEX
108450,2,KINDEX 삼성그룹섹터가중,13105,5,-280,-2.09,13110.0,-4.2904,11711,154,315,KINDEX
292190,1,KODEX KRX300,13090,5,-340,-2.53,13106.0,-8.2964,256846,3365,314,KODEX
434960,1,대신343 K200,28380,5,-580,-2.0,28432.0,,18925,535,312,대신343
441680,7,TIGER 미국나스닥100커버드콜(합성),9975,5,-50,-0.5,10070.0,,105199,1049,299,TIGER
381560,2,HANARO Fn전기&수소차,7300,5,-310,-4.07,7296.0,-3.6099,43167,316,296,HANARO
399110,4,SOL 미국S&P500ESG,10155,5,-40,-0.39,10171.0,3.8081,5966,60,294,SOL
248270,4,TIGER S&P글로벌헬스케어(합성),19310,5,-10,-0.05,19376.0,1.5505,3253,62,290,TIGER
404540,2,TIGER KRX기후변화솔루션,8330,5,-295,-3.42,8354.0,-0.748,787,6,287,TIGER
130680,5,TIGER 원유선물Enhanced(H),4210,5,-40,-0.94,4223.0,-23.4924,127577,540,282,TIGER
332620,6,ARIRANG 미국장기우량회사채,88980,5,-2630,-2.87,88007.0,4.1141,933,82,280,ARIRANG
227540,2,TIGER 200 헬스케어,15835,2,40,0.25,15824.0,-12.0301,43650,685,279,TIGER
376410,2,TIGER 탄소효율그린뉴딜,6955,5,-195,-2.73,6978.0,-7.6824,4375,30,278,TIGER
326230,2,KBSTAR 내수주플러스,7485,5,-130,-1.71,7500.0,-5.4038,7,0,272,KBSTAR
332610,6,ARIRANG 미국단기우량회사채,116810,2,1120,0.97,116480.0,9.7523,567,65,269,ARIRANG
217780,4,TIGER 차이나CSI300인버스(합성),8255,2,65,0.79,8232.0,8.982,7421,61,264,TIGER
169950,4,KODEX 차이나A50,20210,2,70,0.35,20207.0,-8.2252,8624,173,263,KODEX
287180,4,ARIRANG 미국나스닥테크,19820,2,150,0.76,19815.0,-3.175,2865,56,258,ARIRANG
266370,2,KODEX IT,14165,5,-410,-2.81,14161.0,-10.1972,1838,26,255,KODEX
377990,2,TIGER Fn신재생에너지,8625,5,-365,-4.06,8631.0,1.0112,78078,680,254,TIGER
269420,4,KODEX S&P글로벌인프라(합성),13875,5,-275,-1.94,14010.0,2.7596,4750,66,249,KODEX
332500,1,KINDEX 200TR,17720,5,-390,-2.15,17712.0,-8.2342,1149,20,248,KINDEX
304780,3,HANARO 200선물레버리지,13185,5,-655,-4.73,13110.0,-16.2988,1744,23,244,HANARO
266420,2,KODEX 헬스케어,10935,2,35,0.32,11041.0,-12.8,18174,198,241,KODEX
396520,4,TIGER 차이나반도체FACTSET,6800,5,-100,-1.45,6768.0,-9.9217,42652,291,239,TIGER
304770,1,HANARO 코스닥150,9515,5,-275,-2.81,9617.0,-11.6825,1060,10,238,HANARO
319640,4,TIGER 골드선물(H),11575,5,-100,-0.86,11565.0,-11.486,9095,105,237,TIGER
250780,3,TIGER 코스닥150선물인버스,5870,2,200,3.53,5873.0,9.3539,1831167,10631,235,TIGER
139270,2,TIGER 200 금융,5360,5,-60,-1.11,5359.0,-11.2058,32422,172,234,TIGER
218420,4,KODEX 미국S&P에너지(합성),11355,5,-145,-1.26,11746.0,7.7788,33639,383,232,KODEX
365040,1,TIGER AI코리아그로스액티브,9855,5,-220,-2.18,9856.0,-7.2711,32937,324,227,TIGER
160580,5,TIGER 구리실물,9575,2,25,0.26,9698.0,-1.4957,2412,23,225,TIGER
375770,2,KODEX 탄소효율그린뉴딜,7015,5,-115,-1.61,7020.0,-8.1778,1554,11,224,KODEX
225800,7,KOSEF 미국달러선물레버리지,14170,2,380,2.76,14201.0,22.6868,146184,2049,224,KOSEF
266360,2,KODEX 미디어&엔터테인먼트,12195,5,-440,-3.48,12212.0,-16.4905,19614,239,220,KODEX
219390,4,KBSTAR 미국S&P원유생산기업(합성 H),5205,5,-95,-1.79,5393.0,-6.1947,88292,465,219,KBSTAR
138520,2,TIGER 삼성그룹펀더멘털,9465,5,-175,-1.82,9465.0,-5.4902,2116,19,218,TIGER
280930,4,KODEX 미국러셀2000(H),10670,5,-120,-1.11,10690.0,-5.3509,1936,20,213,KODEX
409810,4,KODEX 미국나스닥100선물인버스(H),13590,2,270,2.03,13497.0,4.7993,169223,2294,211,KODEX
385600,2,KINDEX 친환경자동차밸류체인액티브,8405,5,-380,-4.33,8383.0,-8.2507,4720,40,210,KINDEX
329660,7,KODEX TRF5050,11655,5,-5,-0.04,11641.0,0.6908,3790,43,210,KODEX
243880,2,TIGER 200IT레버리지,26090,5,-1690,-6.08,26035.0,-17.4689,12787,334,209,TIGER
385590,2,KINDEX ESG액티브,6300,5,-205,-3.15,6333.0,-9.7155,221,1,208,KINDEX
308620,6,KODEX 미국채10년선물,12165,2,30,0.25,12192.0,5.3842,6889,83,207,KODEX
230480,7,KOSEF 미국달러선물인버스2X,5155,5,-145,-2.74,5134.0,-19.0222,49368,255,205,KOSEF
329670,7,KODEX TRF7030,12640,5,-105,-0.82,12717.0,1.5942,7267,91,202,KODEX
237370,7,KODEX 배당성장채권혼합,11005,5,-45,-0.41,10992.0,-2.8145,4099,44,198,KODEX
388420,2,KBSTAR 비메모리반도체액티브,6500,5,-245,-3.63,6498.0,-16.7284,146770,960,198,KBSTAR
428560,4,KODEX 미국ETF산업Top10 Indxx,10665,5,-115,-1.07,10783.0,3.5542,7487,79,197,KODEX
438320,4,TIGER 차이나항셍테크레버리지(합성 H),7095,5,-340,-4.57,6994.0,,401934,2882,194,TIGER
276650,4,KBSTAR 글로벌4차산업IT(합성 H),16000,5,-120,-0.74,16011.0,-11.3312,2919,46,192,KBSTAR
429000,4,TIGER 미국S&P500배당귀족,10045,5,-55,-0.54,10062.0,4.4359,23129,231,191,TIGER
277540,4,KINDEX 아시아TOP50S&P,11560,5,-90,-0.77,11499.0,-10.8305,509,5,191,KINDEX
265690,4,KINDEX 러시아MSCI(합성),10070,3,0,0.0,522.0,0.0,0,0,186,KINDEX
114100,6,KBSTAR 국고채3년,105850,2,220,0.21,105813.0,-1.1344,407,42,185,KBSTAR
364990,2,TIGER KRX게임K-뉴딜,5675,5,-180,-3.07,5673.0,-19.7946,167521,965,184,TIGER
292160,1,TIGER KRX300,13070,5,-235,-1.77,13109.0,-9.2119,117,1,183,TIGER
271060,5,KODEX 3대농산물선물(H),12950,5,-65,-0.5,12954.0,-2.728,31481,407,183,KODEX
117460,2,KODEX 에너지화학,13375,5,-525,-3.78,13400.0,-11.5495,30399,407,178,KODEX
252000,1,TIGER 200동일가중,9765,5,-135,-1.36,9760.0,-8.7978,17,0,176,TIGER
385710,2,TIMEFOLIO 이노베이션액티브,7010,5,-260,-3.58,7012.0,-9.5209,448,3,175,TIMEFOLIO
426150,6,WOORI 대한민국국고채액티브,47215,5,-130,-0.27,47408.0,-3.4859,2657,125,173,WOORI
360140,2,KODEX 200롱코스닥150숏선물,10615,5,-60,-0.56,10713.0,2.5456,346,3,170,KODEX
168300,1,KTOP 코스피50,19680,5,-555,-2.74,19753.0,-7.9391,821,16,165,KTOP
435420,7,TIGER 미국나스닥100TR채권혼합Fn,9990,5,-25,-0.25,10006.0,,15633,155,165,TIGER
401590,4,HANARO 글로벌탄소배출권선물ICE(합성),10940,5,-20,-0.18,10905.0,-10.7856,3100,33,164,HANARO
140710,2,KODEX 운송,4505,5,-130,-2.8,4520.0,-16.1845,40494,183,158,KODEX
300950,2,KODEX 게임산업,7505,5,-325,-4.15,7531.0,-15.3056,107970,813,158,KODEX
395290,2,HANARO Fn K-POP&미디어,6550,5,-435,-6.23,6570.0,-3.7879,28728,189,157,HANARO
292560,7,TIGER 일본엔선물,9735,2,65,0.67,9747.0,3.1466,95173,924,156,TIGER
237350,1,KODEX 코스피100,21850,5,-560,-2.5,21894.0,-8.0993,5872,128,153,KODEX
252400,3,KBSTAR 200선물레버리지,10910,5,-590,-5.13,10892.0,-16.3333,53903,597,153,KBSTAR
211900,2,KODEX 배당성장,11745,5,-225,-1.88,11740.0,-6.812,1820,21,153,KODEX
276990,4,KODEX 글로벌4차산업로보틱스(합성),13980,5,-150,-1.06,14113.0,-0.7377,10389,145,152,KODEX
140700,2,KODEX 보험,6020,5,-165,-2.67,6018.0,-3.6605,182892,1100,151,KODEX
266410,2,KODEX 필수소비재,6835,5,-125,-1.8,6855.0,-2.2472,10411,71,150,KODEX
213630,4,ARIRANG 미국다우존스고배당주(합성 H),14560,5,-90,-0.61,14506.0,-7.1904,662,9,150,ARIRANG
419420,4,KODEX 미국클린에너지나스닥,11180,2,140,1.27,11308.0,17.1352,70515,783,145,KODEX
399580,4,KBSTAR 글로벌클린에너지S&P,10360,2,75,0.73,10427.0,11.8542,17012,176,145,KBSTAR
102960,2,KODEX 기계장비,4855,5,-165,-3.29,4855.0,-6.8646,26197,127,144,KODEX
289260,2,TIGER MSCI KOREA ESG리더스,7710,5,-130,-1.66,7710.0,-9.5211,174,1,143,TIGER
253160,3,ARIRANG 200선물인버스2X,7740,2,355,4.81,7767.0,16.2077,193850,1499,143,ARIRANG
352560,7,KODEX 다우존스미국리츠(H),11375,5,-330,-2.82,11406.0,-10.683,14819,168,142,KODEX
245350,4,TIGER 유로스탁스배당30,10135,5,-200,-1.94,10222.0,-3.4924,7344,74,142,TIGER
395160,2,KODEX Fn시스템반도체,6150,5,-190,-3.0,6154.0,-16.798,9513,58,141,KODEX
139250,2,TIGER 200 에너지화학,13820,5,-500,-3.49,13849.0,-11.1663,23244,321,141,TIGER
182490,6,TIGER 단기선진하이일드(합성 H),11335,5,-140,-1.22,11420.0,-0.7783,1016,11,136,TIGER
122090,1,ARIRANG 코스피50,19550,5,-455,-2.27,19546.0,-8.0864,11614,226,135,ARIRANG
289040,2,KODEX MSCI KOREA ESG유니버설,8425,5,-185,-2.15,8473.0,-9.6063,117827,992,135,KODEX
395280,2,HANARO Fn K-게임,4635,5,-140,-2.93,4630.0,-16.521,22030,102,134,HANARO
354500,1,KINDEX 코스닥150,9565,5,-265,-2.7,9654.0,-11.6405,1594,15,134,KINDEX
181480,7,KINDEX 미국다우존스리츠(합성 H),73770,5,-1940,-2.56,73890.0,-12.2,46,3,133,KINDEX
223190,2,KODEX 200가치저변동,8290,5,-180,-2.13,8290.0,-8.0847,28553,236,133,KODEX
183700,7,KBSTAR 채권혼합,55065,5,-305,-0.55,55050.0,-3.3177,108,5,132,KBSTAR
292730,1,FOCUS KRX300,13185,5,-280,-2.08,13165.0,-9.2044,6,0,132,FOCUS
300610,2,TIGER K게임,8480,5,-345,-3.91,8490.0,-12.5805,14739,127,131,TIGER
433500,2,KINDEX 원자력테마딥서치,10070,5,-395,-3.77,10068.0,,27385,278,131,KINDEX
411050,4,KINDEX 글로벌메타버스테크액티브,6540,5,-70,-1.06,6603.0,-4.9605,2109,13,131,KINDEX
411720,4,KBSTAR 글로벌메타버스Moorgate,7250,5,-75,-1.02,7544.0,-6.8659,1192,8,131,KBSTAR
239660,6,ARIRANG 우량회사채50 1년,108225,5,-40,-0.04,108274.0,-0.0785,367,39,130,ARIRANG
251590,2,ARIRANG 고배당저변동50,10310,5,-185,-1.76,10347.0,-2.5082,3467,35,129,ARIRANG
276000,4,TIGER 글로벌자원생산기업(합성 H),13420,2,10,0.07,13477.0,-7.1973,1058,14,127,TIGER
360150,2,KODEX 코스닥150롱코스피200숏선물,8460,5,-10,-0.12,8455.0,-1.6832,1196,10,127,KODEX
241390,7,KBSTAR V&S셀렉트밸류채권혼합,10565,5,-70,-0.66,10561.0,-3.2743,8634,90,127,KBSTAR
253290,7,KBSTAR 헬스케어채권혼합,10420,2,5,0.05,10423.0,-3.6986,11430,118,125,KBSTAR
185680,4,KODEX 미국S&P바이오(합성),24120,2,835,3.59,24227.0,7.5519,1753,42,124,KODEX
285690,2,FOCUS ESG리더스,8805,5,-210,-2.33,8807.0,-7.9633,9,0,123,FOCUS
426030,4,TIMEFOLIO 미국나스닥100액티브,10175,5,-100,-0.97,10257.0,5.0613,50,0,122,TIMEFOLIO
426020,4,TIMEFOLIO 미국S&P500액티브,10150,5,-75,-0.73,10220.0,4.6571,98,0,122,TIMEFOLIO
238720,4,KINDEX 일본Nikkei225(H),17355,5,-275,-1.56,17326.0,-0.3674,854,14,121,KINDEX
200030,4,KODEX 미국S&P산업재(합성),21000,5,-125,-0.59,21051.0,5.0995,519,10,121,KODEX
422260,2,VITA MZ소비액티브,7035,5,-200,-2.76,7085.0,-5.7943,29001,203,120,VITA
438560,6,SOL 국고채3년,98575,2,55,0.06,98523.0,,19,1,119,SOL
400580,4,SOL 유럽탄소배출권선물S&P(H),10795,5,-215,-1.95,10747.0,-16.9684,10847,117,119,SOL
289670,6,ARIRANG 국채선물10년,48415,5,-50,-0.1,47975.0,-2.7784,5847,281,118,ARIRANG
395760,2,ARIRANG ESG성장주액티브,6665,5,-225,-3.27,6685.0,-8.3777,120,0,117,ARIRANG
421320,2,ARIRANG iSelect우주항공&UAM,8955,5,-345,-3.71,8959.0,3.2186,75716,686,116,ARIRANG
404120,2,TIMEFOLIO 탄소중립액티브,7760,5,-295,-3.66,7797.0,-3.1851,134,1,116,TIMEFOLIO
227570,2,TIGER 우량가치,9615,5,-255,-2.58,9620.0,-3.3774,2804,26,115,TIGER
279540,2,KODEX 최소변동성,9600,5,-135,-1.39,9500.0,-5.76,51,0,115,KODEX
248260,4,TIGER 일본TOPIX헬스케어(합성),11400,2,125,1.11,11485.0,4.7375,109,1,114,TIGER
433970,7,KODEX TDF2030액티브,9895,5,-55,-0.55,9944.0,,27703,270,114,KODEX
211560,2,TIGER 배당성장,14570,5,-340,-2.28,14579.0,-6.7543,604,8,114,TIGER
418670,4,TIGER 글로벌사이버보안INDXX,10450,2,65,0.63,10477.0,1.5151,11872,123,113,TIGER
251600,7,ARIRANG 고배당주채권혼합,10195,5,-40,-0.39,10205.0,-2.6166,3467,35,112,ARIRANG
413220,4,SOL 차이나태양광CSI(합성),9305,5,-315,-3.27,9388.0,-5.4081,60398,575,112,SOL
153270,1,KOSEF 코스피100,21365,5,-515,-2.35,21362.0,-8.183,211,4,111,KOSEF
174350,2,TIGER 로우볼,10645,5,-140,-1.3,10643.0,-2.9253,3567,37,111,TIGER
331910,2,KOSEF Fn중소형,18360,5,-490,-2.6,18359.0,-5.3478,83,1,110,KOSEF
440340,7,TIGER 글로벌멀티에셋TIF액티브,10000,2,30,0.3,10028.0,,176362,1760,110,TIGER
354240,7,KBSTAR 미국고정배당우선증권ICE TR,10790,2,150,1.41,10763.0,6.3468,2175,23,108,KBSTAR
390400,4,KODEX 미국스마트모빌리티S&P,6700,5,-45,-0.67,6752.0,-3.0195,1780,11,107,KODEX
433220,4,에셋플러스 글로벌대장장이액티브,10455,5,-15,-0.14,10506.0,,5800,60,107,에셋플러스
138530,2,TIGER LG그룹+펀더멘털,7840,5,-285,-3.51,7833.0,-6.232,10207,79,107,TIGER
407820,2,에셋플러스 코리아플랫폼액티브,5570,5,-130,-2.28,5575.0,-15.2417,5823,32,106,에셋플러스
412570,2,TIGER KRX2차전지K-뉴딜레버리지,5285,5,-375,-6.63,5291.0,-13.2568,290681,1557,106,TIGER
138910,5,KODEX 구리선물(H),5845,5,-120,-2.01,5847.0,-12.9833,4490,26,105,KODEX
295000,6,KBSTAR 국채선물10년,47620,5,-145,-0.3,47230.0,-2.818,1006,47,105,KBSTAR
104530,2,KOSEF 고배당,7480,5,-115,-1.51,7502.0,-8.1621,7063,52,105,KOSEF
441800,4,TIMEFOLIO Korea플러스배당액티브,9510,5,-160,-1.65,9514.0,,69707,661,105,TIMEFOLIO
261110,7,TIGER 미국달러선물레버리지,14930,2,380,2.61,14975.0,22.9404,129987,1903,105,TIGER
139660,7,KOSEF 미국달러선물인버스,8255,5,-120,-1.43,8242.0,-9.7522,10733,88,104,KOSEF
289250,2,TIGER MSCI KOREA ESG유니버설,8600,3,0,0.0,8440.0,-8.6564,0,0,103,TIGER
435040,4,KINDEX 글로벌브랜드TOP10블룸버그,10245,5,-90,-0.87,10404.0,,11767,120,102,KINDEX
413930,2,WOORI AI ESG액티브,7290,5,-130,-1.75,7290.0,-7.3658,86,0,102,WOORI
415760,4,SOL 차이나육성산업액티브(합성),7760,5,-30,-0.39,7957.0,-10.6139,6995,53,101,SOL
250730,4,KBSTAR 차이나HSCEI(H),7195,5,-105,-1.44,7153.0,-19.9562,706,5,101,KBSTAR
316670,1,KOSEF 코스닥150,4750,5,-155,-3.16,4811.0,-11.542,323,1,101,KOSEF
430500,7,KOSEF 물가채KIS,99315,2,200,0.2,99597.0,-0.7013,2183,216,99,KOSEF
195920,4,TIGER 일본TOPIX(합성 H),15245,5,-280,-1.8,15407.0,-0.5446,35,0,98,TIGER
253250,3,KOSEF 200선물레버리지,10810,5,-545,-4.8,10749.0,-16.4152,46277,499,97,KOSEF
440650,6,KINDEX 미국달러단기채권액티브,10690,2,140,1.33,10669.0,,61863,659,96,KINDEX
091220,2,TIGER 은행,5770,5,-25,-0.43,5767.0,-13.9953,18664,106,96,TIGER
438570,6,SOL 국고채10년,95035,5,-865,-0.9,96066.0,,94,8,95,SOL
138920,5,KODEX 콩선물(H),13575,5,-205,-1.49,13635.0,-0.3976,738,10,95,KODEX
140950,1,파워 코스피100,21520,5,-400,-1.82,21528.0,-8.3076,349,7,95,파워
196030,4,KINDEX 일본TOPIX레버리지(H),18935,5,-265,-1.38,18896.0,-1.8907,1463,27,95,KINDEX
219900,4,KINDEX 중국본토CSI300레버리지(합성),3940,5,-60,-1.5,3995.0,-18.0328,844,3,95,KINDEX
167860,6,KOSEF 국고채10년레버리지,94020,5,-210,-0.22,94093.0,-6.6383,1816,167,94,KOSEF
368680,2,KODEX Fn K-뉴딜디지털플러스,7820,5,-140,-1.76,7802.0,-9.5969,55,0,94,KODEX
252650,1,KODEX 200동일가중,9315,5,-215,-2.26,9325.0,-8.2331,242,2,93,KODEX
139240,2,TIGER 200 철강소재,7245,5,-255,-3.4,7252.0,-4.1534,2216,16,93,TIGER
306950,3,KODEX KRX300레버리지,9255,5,-330,-3.44,9256.0,-18.3909,13520,124,93,KODEX
322410,2,HANARO 고배당,9640,5,-195,-1.98,9634.0,-5.7409,621,6,92,HANARO
434060,7,KODEX TDF2050액티브,10160,5,-80,-0.78,10201.0,,22572,227,91,KODEX
292500,1,SOL KRX300,13035,5,-285,-2.14,13133.0,-8.9854,5,0,91,SOL
101280,4,KODEX 일본TOPIX100,15195,5,-165,-1.07,15335.0,2.6394,15877,240,91,KODEX
225130,4,KINDEX 골드선물 레버리지(합성 H),12985,5,-210,-1.59,12926.0,-22.1075,6512,84,91,KINDEX
291130,4,KINDEX 멕시코MSCI(합성),11195,2,15,0.13,11311.0,2.5688,33,0,90,KINDEX
229720,1,KODEX KTOP30,14900,5,-360,-2.36,14856.0,-7.4872,1438,21,89,KODEX
352540,7,KODEX TSE일본리츠(H),12450,5,-200,-1.58,12451.0,2.0572,1307,16,87,KODEX
316300,7,KINDEX 싱가포르리츠,12410,5,-150,-1.19,12487.0,-1.0245,702,8,87,KINDEX
253230,3,KOSEF 200선물인버스2X,3835,2,175,4.78,3850.0,16.1904,268593,1028,87,KOSEF
292050,1,KBSTAR KRX300,13300,5,-300,-2.21,13334.0,-8.4484,10883,145,86,KBSTAR
429980,7,SOL 한국형글로벌전기차&2차전지액티브,9600,5,-95,-0.98,9653.0,-7.1805,178911,1730,86,SOL
423170,4,SOL 한국형글로벌반도체액티브,8590,5,-25,-0.29,8660.0,-3.1479,9554,82,86,SOL
269370,4,TIGER S&P글로벌인프라(합성),12140,2,35,0.29,12180.0,0.8077,292,3,85,TIGER
280320,4,KINDEX 미국IT인터넷S&P(합성 H),10530,5,-75,-0.71,10484.0,-9.7447,1564,16,84,KINDEX
429990,7,SOL 한국형글로벌플랫폼&메타버스액티브,9310,5,-55,-0.59,9536.0,-7.9607,1778,16,84,SOL
375760,2,HANARO 탄소효율그린뉴딜,6930,5,-175,-2.46,6925.0,-7.6073,179,1,83,HANARO
403790,1,마이다스 KoreaStock액티브,15775,5,-325,-2.02,15848.0,-7.0976,46,0,83,마이다스
278620,6,ARIRANG 단기채권액티브,105775,3,0,0.0,105782.0,-0.0756,982,103,83,ARIRANG
429010,4,TIGER 미국나스닥넥스트100,10305,2,30,0.29,10379.0,1.632,466,4,82,TIGER
438080,7,KINDEX 미국S&P500채권혼합액티브,10290,2,75,0.73,10289.0,,1634,16,82,KINDEX
438100,7,KINDEX 미국나스닥100채권혼합액티브,10255,2,80,0.79,10250.0,,140,1,82,KINDEX
310080,4,KBSTAR 중국MSCI China(H),7750,5,-140,-1.77,7698.0,-20.1013,210,1,81,KBSTAR
391590,4,KINDEX 미국스팩&IPO INDXX,6750,3,0,0.0,6755.0,-0.2955,0,0,81,KINDEX
417450,2,KBSTAR 글로벌수소경제Indxx,9510,2,30,0.32,9472.0,-2.1672,1051,9,81,KBSTAR
437370,4,KBSTAR 글로벌농업경제MV,10075,2,195,1.97,10171.0,,1470,14,81,KBSTAR
272570,6,KBSTAR 중장기국공채액티브,95580,5,-110,-0.11,95758.0,-1.5535,22,2,80,KBSTAR
156080,1,KODEX MSCI Korea,13360,5,-260,-1.91,13360.0,-8.3754,560,7,80,KODEX
100910,1,KOSEF KRX100,4440,5,-110,-2.42,4440.0,-8.4508,207,0,80,KOSEF
364690,1,KODEX 혁신기술테마액티브,9980,5,-225,-2.2,10009.0,-7.2695,184,1,80,KODEX
432840,4,HANARO 미국S&P500,9885,5,-95,-0.95,9994.0,4.887,38,0,79,HANARO
292750,1,ARIRANG KRX300,12995,5,-315,-2.37,13018.0,-8.1753,20,0,78,ARIRANG
261070,2,TIGER 코스닥150바이오테크,6720,2,10,0.15,6850.0,-13.9744,3245,21,78,TIGER
145850,2,TREX 펀더멘탈 200,31105,5,-760,-2.39,31050.0,-6.7785,2,0,78,TREX
305050,1,KINDEX 코스피,22105,5,-510,-2.26,22127.0,-7.3156,369,8,77,KINDEX
253150,3,ARIRANG 200선물레버리지,21885,5,-835,-3.68,21784.0,-17.2465,16457,363,77,ARIRANG
435530,7,히어로즈 TDF2030액티브,10190,5,-55,-0.54,10328.0,,217,2,76,히어로즈
442090,2,에셋플러스 코리아대장장이액티브,8490,5,-375,-4.23,8477.0,,32193,278,76,에셋플러스
272910,6,KINDEX 중장기국공채액티브,91965,5,-245,-0.27,91996.0,-2.578,12,1,76,KINDEX
225050,4,TIGER 유로스탁스레버리지(합성 H),5845,5,-240,-3.94,5942.0,-11.8116,6792,39,76,TIGER
261120,7,TIGER 미국달러선물인버스2X,5845,5,-165,-2.75,5820.0,-19.0027,67759,399,76,TIGER
435550,7,히어로즈 TDF2050액티브,10120,5,-35,-0.34,10259.0,,69,0,76,히어로즈
435540,7,히어로즈 TDF2040액티브,10115,5,-90,-0.88,10298.0,,105,1,76,히어로즈
272230,2,KINDEX 스마트밸류,10810,5,-245,-2.22,10814.0,-8.5608,21003,226,76,KINDEX
367740,2,HANARO Fn5G산업,10045,5,-475,-4.52,10047.0,-9.4665,1697,17,75,HANARO
433880,7,ARIRANG TDF2060액티브,10045,2,20,0.2,10217.0,,1130,11,75,ARIRANG
416090,4,KINDEX 중국과창판STAR50,7525,3,0,0.0,7799.0,-11.9369,4306,32,75,KINDEX
433980,7,KODEX TDF2040액티브,10015,5,-75,-0.74,10072.0,,8429,83,75,KODEX
426330,4,KOSEF 미국ETF산업STOXX,9985,5,-65,-0.65,10031.0,9.3579,418,4,75,KOSEF
438900,2,HANARO Fn K-푸드,9360,5,-110,-1.16,9362.0,,5123,47,75,HANARO
261140,2,TIGER 우선주,9850,5,-235,-2.33,9827.0,-4.4167,3744,37,75,TIGER
433870,7,ARIRANG TDF2050액티브,9955,2,30,0.3,10097.0,,423,4,75,ARIRANG
143460,2,KINDEX 밸류대형,7405,5,-190,-2.5,7400.0,-7.0949,52,0,74,KINDEX
424460,4,HANARO 글로벌워터MSCI(합성),9255,5,-125,-1.33,9282.0,3.3039,700,6,74,HANARO
395270,2,HANARO Fn K-반도체,6705,5,-240,-3.46,6715.0,-14.8898,18349,125,74,HANARO
381570,2,HANARO Fn친환경에너지,8185,5,-265,-3.14,8177.0,-3.2628,8722,71,74,HANARO
433860,7,ARIRANG TDF2040액티브,9785,2,10,0.1,9939.0,,208,2,73,ARIRANG
441330,4,KOSEF 차이나A50커넥트MSCI,9780,3,0,0.0,9774.0,,9,0,73,KOSEF
104520,2,KOSEF 블루칩,7320,5,-145,-1.94,7317.0,-9.0743,335,2,73,KOSEF
108590,1,TREX 200,29215,5,-710,-2.37,29224.0,-7.7841,31,0,73,TREX
433850,7,ARIRANG TDF2030액티브,9715,5,-10,-0.1,9879.0,,159,1,73,ARIRANG
442550,7,KBSTAR TDF2030액티브,9635,5,-50,-0.52,9685.0,,41,0,72,KBSTAR
304670,6,KODEX 미국채울트라30년선물인버스(H),10295,2,315,3.16,10330.0,6.7379,42456,436,72,KODEX
395150,2,KODEX Fn웹툰&드라마,4800,5,-160,-3.23,4797.0,-15.1412,8137,39,72,KODEX
442580,4,ARIRANG 글로벌D램반도체iSelect,9590,2,45,0.47,9672.0,,207,1,72,ARIRANG
195970,4,ARIRANG 선진국MSCI(합성 H),8560,5,-130,-1.5,8517.0,-12.9695,9362,80,72,ARIRANG
205720,4,KINDEX 일본TOPIX인버스(합성 H),4210,2,35,0.84,4269.0,-1.1835,12770,53,72,KINDEX
131890,2,KINDEX 삼성그룹동일가중,14300,5,-185,-1.28,14311.0,-4.7353,25,0,72,KINDEX
428510,4,KODEX 차이나메타버스액티브,9520,5,-125,-1.3,9563.0,-18.1587,3127,30,71,KODEX
244620,2,KODEX 모멘텀Plus,8905,5,-365,-3.94,8888.0,-10.9938,33323,295,71,KODEX
442570,7,KBSTAR TDF2050액티브,9475,5,-170,-1.76,9643.0,,240,2,71,KBSTAR
442560,7,KBSTAR TDF2040액티브,9470,5,-50,-0.53,9655.0,,755,7,71,KBSTAR
410870,2,TIMEFOLIO K컬처액티브,5910,5,-200,-3.27,5881.0,-8.2583,625,3,71,TIMEFOLIO
270800,2,KBSTAR KQ고배당,10875,5,-290,-2.6,10957.0,-12.6711,260,2,71,KBSTAR
237440,7,TIGER 경기방어채권혼합,8720,5,-15,-0.17,8715.0,-2.6741,1338,11,70,TIGER
375270,7,KBSTAR 글로벌데이터센터리츠나스닥(합성),10695,5,-95,-0.88,10727.0,-8.6755,4035,42,70,KBSTAR
225060,4,TIGER 이머징마켓MSCI레버리지(합성 H),6080,2,15,0.25,6002.0,-27.9264,316,1,69,TIGER
269530,4,ARIRANG S&P글로벌인프라,13765,2,20,0.15,13870.0,2.3836,336,4,69,ARIRANG
319870,7,KBSTAR KRX300미국달러선물혼합,13715,5,-160,-1.15,13742.0,1.947,309,4,69,KBSTAR
189400,4,ARIRANG 글로벌MSCI(합성 H),13275,5,-185,-1.37,13280.0,-8.6219,127,1,68,ARIRANG
437550,7,히어로즈 글로벌리츠이지스액티브,9020,5,-190,-2.06,9185.0,,12794,114,68,히어로즈
436180,2,ARIRANG K-유니콘투자기업액티브,8985,5,-220,-2.39,9030.0,,7,0,67,ARIRANG
404650,2,SOL KRX기후변화솔루션,8380,5,-220,-2.56,8385.0,-0.9787,23,0,67,SOL
183710,7,KBSTAR 주식혼합,33460,5,-480,-1.41,33437.0,-6.3078,6,0,67,KBSTAR
244670,2,KODEX 밸류Plus,7430,5,-165,-2.17,7510.0,-7.0949,14,0,67,KODEX
152500,3,KINDEX 레버리지,4775,5,-245,-4.88,4758.0,-16.0536,47344,224,67,KINDEX
139320,5,TIGER 금은선물(H),8340,5,-40,-0.48,8354.0,-12.4805,1300,10,67,TIGER
137930,3,마이다스 200커버드콜5%OTM,11100,5,-190,-1.68,11119.0,-9.499,4,0,67,마이다스
402460,2,HANARO Fn K-메타버스MZ,6335,5,-315,-4.74,6333.0,-12.327,1670,10,67,HANARO
176950,6,KODEX 국채선물10년인버스,55370,2,95,0.17,55876.0,3.5306,6586,367,66,KODEX
407160,2,MASTER 테크미디어텔레콤액티브,6965,5,-180,-2.52,6962.0,-10.3514,2518,17,66,MASTER
373530,4,ARIRANG 신흥국MSCI인버스(합성 H),12555,2,200,1.62,12566.0,14.7168,4285,53,65,ARIRANG
438210,4,ARIRANG 글로벌인공지능산업MV,8705,2,60,0.69,8749.0,,481,4,65,ARIRANG
441540,2,HANARO Fn조선해운,9265,5,-305,-3.19,9256.0,,54539,518,65,HANARO
275290,2,KODEX MSCI밸류,9240,5,-185,-1.96,9292.0,-9.5924,9,0,65,KODEX
256450,4,ARIRANG 심천차이넥스트(합성),10760,5,-80,-0.74,10978.0,-14.1727,91,0,65,ARIRANG
307010,3,KBSTAR KRX300레버리지,9215,5,-410,-4.26,9264.0,-17.7351,2603,24,65,KBSTAR
291620,3,KOSEF 코스닥150선물인버스,10400,2,320,3.17,10419.0,9.5057,18328,189,64,KOSEF
432850,4,HANARO 글로벌백신치료제MSCI,9910,2,30,0.3,10084.0,-1.4956,600,5,64,HANARO
434730,2,HANARO 원자력iSelect,9195,5,-395,-4.12,9221.0,,18151,168,64,HANARO
371150,4,KBSTAR 차이나항셍테크,5595,5,-60,-1.06,5554.0,-19.5018,1822,10,64,KBSTAR
438740,2,마이다스 KoreaStock중소형액티브,17140,5,-490,-2.78,17226.0,,38,0,64,마이다스
433250,1,UNICORN R&D 액티브,9145,5,-220,-2.35,9154.0,,85818,785,64,UNICORN
304760,1,HANARO KRX300,12795,5,-260,-1.99,12873.0,-9.3718,3,0,64,HANARO
292770,6,KODEX 국채선물3년인버스,53125,5,-40,-0.08,53138.0,1.7706,204,10,64,KODEX
440910,4,WOORI 미국S&P우주항공&디펜스,9030,5,-15,-0.17,9107.0,,352,3,63,WOORI
228820,1,TIGER KTOP30,7420,5,-190,-2.5,7432.0,-7.8247,2269,16,63,TIGER
333950,2,ARIRANG KS로우사이즈가중TR,12605,5,-370,-2.85,12645.0,-6.8892,1318,16,63,ARIRANG
407170,2,MASTER 스마트커머스액티브,7410,5,-140,-1.85,7417.0,-5.9191,2158,15,63,MASTER
266390,2,KODEX 경기소비재,8990,5,-125,-1.37,8994.0,-4.1032,297,2,63,KODEX
333970,2,ARIRANG KS밸류가중TR,12585,5,-315,-2.44,12623.0,-6.8929,7845,99,63,ARIRANG
252410,3,KBSTAR 200선물인버스,6975,2,165,2.42,6987.0,8.267,70393,489,63,KBSTAR
346000,6,HANARO KAP초장기국고채,34740,5,-560,-1.59,34734.0,-4.4707,6772,231,63,HANARO
322130,2,KINDEX 스마트로우볼,12470,5,-225,-1.77,12484.0,-6.8257,10592,132,62,KINDEX
337120,2,KODEX Fn멀티팩터,10375,5,-310,-2.9,10448.0,-7.0061,2,0,62,KODEX
322150,2,KINDEX 스마트하이베타,10350,5,-270,-2.54,10360.0,-8.8413,20,0,62,KINDEX
429740,7,ARIRANG Fn K리츠,8230,5,-115,-1.38,8269.0,-10.0755,231,1,62,ARIRANG
402520,1,FOCUS 혁신기업액티브,6820,5,-160,-2.29,6817.0,-7.3042,105,0,61,FOCUS
419170,4,HANARO 미국메타버스iSelect,8765,2,15,0.17,8862.0,-4.3716,211,1,61,HANARO
429870,7,히어로즈 리츠이지스액티브,8175,5,-90,-1.09,8178.0,-9.6821,71012,578,61,히어로즈
117690,4,TIGER 차이나항셍25,13595,5,-120,-0.87,13612.0,-8.9914,1150,15,61,TIGER
145670,3,KINDEX 인버스,6695,2,160,2.45,6697.0,8.8259,51350,342,60,KINDEX
159800,1,마이티 코스피100,21500,5,-450,-2.05,21624.0,-9.2413,2,0,60,마이티
238670,7,ARIRANG 스마트베타Quality채권혼합,9980,5,-55,-0.55,10013.0,-2.6674,225,2,60,ARIRANG
105010,4,TIGER 라틴35,3975,2,45,1.15,4002.0,10.5485,3087,12,60,TIGER
371130,4,KINDEX 베트남VN30선물블룸버그레버리지(H),11870,5,-450,-3.65,11838.0,-8.9768,2421,28,59,KINDEX
314700,2,HANARO 농업융복합산업,10725,5,-305,-2.77,10752.0,-4.1703,436,4,59,HANARO
301410,3,ARIRANG 코스닥150선물인버스,9000,2,260,2.97,9016.0,9.3183,36075,322,59,ARIRANG
253240,3,KOSEF 200선물인버스,7045,2,170,2.47,7052.0,8.524,35256,247,58,KOSEF
411860,4,KOSEF 독일DAX,7790,5,-135,-1.7,7850.0,-5.6211,1180,9,58,KOSEF
403990,2,KBSTAR KRX기후변화솔루션,8295,5,-270,-3.15,8327.0,-1.0399,338,2,58,KBSTAR
251890,1,KINDEX 코스닥(합성),9655,5,-315,-3.16,9618.0,-9.6512,1744,16,58,KINDEX
394340,4,KOSEF 릭소글로벌디지털경제MSCI,7230,2,80,1.12,7299.0,-4.6667,10,0,58,KOSEF
289480,3,TIGER 200커버드콜ATM,8240,5,-190,-2.25,8234.0,-9.462,40846,336,58,TIGER
291680,4,KBSTAR 차이나H선물인버스(H),14295,2,245,1.74,14431.0,23.5164,1317,18,57,KBSTAR
333980,2,ARIRANG KS퀄리티가중TR,11410,5,-270,-2.31,11440.0,-7.4852,14169,161,57,ARIRANG
147970,2,TIGER 모멘텀,20305,5,-580,-2.78,20285.0,-4.3946,4,0,57,TIGER
333960,2,ARIRANG KS모멘텀가중TR,11365,5,-360,-3.07,11399.0,-8.2551,217,2,57,ARIRANG
299070,6,KINDEX 국채선물10년인버스,113300,2,510,0.45,113986.0,3.6149,147,16,57,KINDEX
285010,2,KBSTAR 200중공업,8550,5,-415,-4.63,8538.0,-2.5544,7827,67,56,KBSTAR
234310,2,KBSTAR V&S셀렉트밸류,11270,5,-275,-2.38,11306.0,-5.9471,7,0,56,KBSTAR
226380,2,KINDEX Fn성장소비주도주,5620,5,-150,-2.6,5609.0,-4.5493,281,1,56,KINDEX
295020,6,KBSTAR 국채선물10년인버스,56075,2,70,0.12,56592.0,3.6553,52,2,56,KBSTAR
315270,2,TIGER 200커뮤니케이션서비스,17515,5,-385,-2.15,17566.0,-15.5223,227,3,56,TIGER
227830,1,ARIRANG 코스피,22405,5,-545,-2.37,22431.0,-7.6273,528,11,56,ARIRANG
105780,2,KBSTAR 5대그룹주,5535,5,-145,-2.55,5533.0,-7.0377,879,4,55,KBSTAR
275280,2,KODEX MSCI모멘텀,9225,5,-75,-0.81,9027.0,-7.7839,1,0,55,KODEX
415920,5,ARIRANG 글로벌희토류전략자원기업MV,9085,2,70,0.78,8840.0,4.7038,629,5,55,ARIRANG
333940,2,ARIRANG KS로우볼가중TR,10820,5,-185,-1.68,10854.0,-5.4147,5024,54,54,ARIRANG
261060,2,TIGER 코스닥150IT,11225,5,-415,-3.57,11209.0,-15.5604,898,10,54,TIGER
342140,7,KINDEX 싱가포르리츠채권혼합모닝스타,8970,5,-70,-0.77,9058.0,-2.9523,53,0,54,KINDEX
192720,2,파워 고배당저변동성,25600,5,-595,-2.27,25685.0,-6.1583,608,15,54,파워
166400,3,TIGER 200커버드콜5%OTM,10695,5,-245,-2.24,10670.0,-9.0985,902,9,53,TIGER
299080,6,KINDEX 국채선물3년인버스,106570,5,-10,-0.01,106584.0,1.7227,1,0,53,KINDEX
227550,2,TIGER 200 산업재,5600,5,-90,-1.58,5606.0,-7.4044,18377,103,53,TIGER
290080,3,KBSTAR 200고배당커버드콜ATM,7465,5,-160,-2.1,7461.0,-7.1255,247,1,52,KBSTAR
287300,2,KBSTAR 200건설,9945,5,-355,-3.45,9933.0,2.8971,4456,44,52,KBSTAR
226980,1,KODEX 200 중소형,10330,5,-340,-3.19,10351.0,-6.1979,4315,44,52,KODEX
322120,2,KINDEX 스마트퀄리티,12650,5,-330,-2.54,12654.0,-7.484,17756,224,51,KINDEX
267450,6,KBSTAR 미국장기국채선물인버스(H),10105,2,185,1.86,10115.0,6.3806,3544,35,51,KBSTAR
261920,4,KINDEX 필리핀MSCI(합성),12530,5,-70,-0.56,12455.0,-0.5918,174,2,50,KINDEX
215620,2,HK S&P코리아로우볼,11125,5,-130,-1.16,11201.0,-2.7646,5,0,50,HK
371870,4,KINDEX 차이나항셍테크,5560,5,-45,-0.8,5554.0,-19.9286,1096,6,50,KINDEX
391670,1,HK 베스트일레븐액티브,7080,3,0,0.0,6890.0,-9.289,0,0,50,HK
253280,2,KBSTAR 헬스케어,9905,2,50,0.51,9898.0,-10.4905,387,3,50,KBSTAR
139290,2,TIGER 200 경기소비재,14420,5,-280,-1.9,14419.0,-2.591,28,0,49,TIGER
419650,2,ARIRANG 글로벌수소&차세대연료전지MV,8150,2,40,0.49,8128.0,-7.8933,2554,20,49,ARIRANG
427110,2,KBSTAR Fn창업투자회사,6425,5,-340,-5.03,6430.0,-16.0149,483,3,49,KBSTAR
272220,2,KINDEX 스마트모멘텀,12040,5,-310,-2.51,12048.0,-7.8702,5476,65,48,KINDEX
379790,4,KBSTAR 유로스탁스50(H),8750,5,-150,-1.69,8820.0,-4.1465,594,5,48,KBSTAR
307520,2,TIGER 지주회사,8730,5,-165,-1.85,8727.0,-10.648,411,3,48,TIGER
280940,5,KODEX 골드선물인버스(H),8000,2,115,1.46,8026.0,12.9656,1197,9,48,KODEX
140580,2,KBSTAR 우량업종,9460,5,-235,-2.42,9498.0,-6.3286,39,0,47,KBSTAR
307510,2,TIGER 의료기기,11815,5,-65,-0.55,11815.0,-16.2496,2243,26,47,TIGER
267500,6,KBSTAR 미국장기국채선물인버스2X(합성 H),9390,2,300,3.3,9476.0,11.9458,5322,49,47,KBSTAR
243890,2,TIGER 200에너지화학레버리지,9305,5,-700,-7.0,9259.0,-22.9793,4558,42,47,TIGER
426410,4,ARIRANG 미국대체투자Top10MV,10215,2,10,0.1,10288.0,1.3406,431,4,46,ARIRANG
407300,2,HANARO Fn골프테마,6120,5,-230,-3.62,6160.0,-12.4742,198,1,46,HANARO
404470,2,HANARO KRX기후변화솔루션,8300,5,-300,-3.49,8324.0,-0.5206,94,0,46,HANARO
157500,2,TIGER 증권,3050,5,-70,-2.24,3055.0,-12.6051,21666,65,45,TIGER
267440,6,KBSTAR 미국장기국채선물(H),8995,5,-165,-1.8,8952.0,-6.0995,24730,222,45,KBSTAR
275750,3,KBSTAR 코스닥150선물인버스,5995,2,175,3.01,6011.0,9.6045,73754,440,45,KBSTAR
373490,2,KODEX K-이노베이션액티브,8965,5,-365,-3.91,8967.0,1.2479,337,3,45,KODEX
277650,2,TIGER 코스피중형주,12755,5,-355,-2.71,12752.0,-7.0543,538,6,45,TIGER
285000,2,KBSTAR 200IT,11075,5,-360,-3.15,11131.0,-8.4468,866,9,44,KBSTAR
098560,2,TIGER 방송통신,7630,5,-260,-3.3,7629.0,-10.239,1669,12,44,TIGER
321410,7,KODEX 멀티에셋하이인컴(H),8640,2,10,0.12,8629.0,-6.4499,35,0,43,KODEX
275300,2,KODEX MSCI퀄리티,7180,5,-85,-1.17,7144.0,-8.2123,6,0,43,KODEX
380340,2,KINDEX Fn5G플러스,6155,5,-215,-3.38,6151.0,-9.7095,1060,6,43,KINDEX
427120,2,KBSTAR Fn플랫폼테마,6685,5,-245,-3.54,6690.0,-15.6422,420,2,43,KBSTAR
277640,2,TIGER 코스피대형주,10655,5,-345,-3.14,10736.0,-7.3295,2793,30,43,TIGER
291890,4,KODEX MSCI EM선물(H),7035,5,-95,-1.33,7024.0,-13.7848,2025,14,42,KODEX
391680,1,HK 하이볼액티브,6780,3,0,0.0,6651.0,-8.9322,0,0,41,HK
220130,4,SOL 중국본토 중소형 CSI500(합성 H),4510,5,-55,-1.2,4511.0,-14.8321,184,0,41,SOL
298340,6,ARIRANG 국채선물3년,50710,2,25,0.05,50882.0,-1.3719,1,0,41,ARIRANG
291630,3,KOSEF 코스닥150선물레버리지,2920,5,-225,-7.15,2923.0,-21.375,43305,130,40,KOSEF
227560,2,TIGER 200 생활소비재,8210,5,-145,-1.74,8240.0,-4.3504,581,4,39,TIGER
368200,2,KBSTAR Fn K-뉴딜디지털플러스,7775,5,-150,-1.89,7810.0,-9.7381,90,0,39,KBSTAR
301400,1,ARIRANG 코스닥150,9605,5,-305,-3.08,9743.0,-10.6403,6010,57,38,ARIRANG
295820,1,ARIRANG 200동일가중,8505,5,-230,-2.63,8535.0,-7.7127,24,0,38,ARIRANG
217790,2,TIGER 가격조정,18950,5,-815,-4.12,18943.0,-0.0759,38,0,38,TIGER
140570,2,KBSTAR 수출주,9390,5,-350,-3.59,9442.0,-8.2431,1229,11,38,KBSTAR
301440,2,ARIRANG 코스피중형주,9360,5,-265,-2.75,9391.0,-6.3261,237,2,37,ARIRANG
284980,2,KBSTAR 200금융,6895,5,-45,-0.65,6891.0,-11.4232,1638,11,37,KBSTAR
267490,6,KBSTAR 미국장기국채선물레버리지(합성 H),7420,5,-295,-3.82,7390.0,-13.7507,35375,262,37,KBSTAR
292340,3,마이티 200커버드콜ATM레버리지,6065,5,-220,-3.5,6045.0,-19.3197,66,0,36,마이티
309210,2,ARIRANG KRX300헬스케어,7860,2,75,0.96,7935.0,-11.4335,712,5,36,ARIRANG
244660,2,KODEX 퀄리티Plus,7005,5,-95,-1.34,7025.0,-13.4674,1247,8,35,KODEX
376250,2,ARIRANG 탄소효율그린뉴딜,6925,5,-180,-2.53,6954.0,-7.5472,130,0,35,ARIRANG
334690,5,KBSTAR 팔라듐선물(H),11510,2,100,0.88,11541.0,3.6801,2156,24,35,KBSTAR
281990,2,KBSTAR 중소형고배당,9825,5,-240,-2.38,9875.0,-7.8297,610,6,34,KBSTAR
252720,2,KBSTAR 모멘텀밸류,11310,5,-230,-1.99,11346.0,-5.6033,5,0,34,KBSTAR
139310,5,TIGER 금속선물(H),5620,5,-145,-2.52,5675.0,-11.034,5227,29,34,TIGER
287330,2,KBSTAR 200생활소비재,6250,5,-120,-1.88,6244.0,-3.9216,899,5,33,KBSTAR
412560,2,TIGER KRX BBIG K-뉴딜레버리지,2850,5,-95,-3.23,2840.0,-29.1216,65889,188,31,TIGER
278420,2,ARIRANG ESG우수기업,7740,5,-160,-2.03,7770.0,-3.482,5125,39,31,ARIRANG
306530,3,HANARO 코스닥150선물레버리지,5885,5,-365,-5.84,5880.0,-22.0213,30951,186,31,HANARO
252730,2,KBSTAR 모멘텀로우볼,12225,5,-180,-1.45,12265.0,-7.009,425,5,31,KBSTAR
266550,2,ARIRANG 중형주저변동50,9240,5,-245,-2.58,9277.0,-6.4596,68,0,28,ARIRANG
280920,2,ARIRANG 주도업종,7180,5,-115,-1.58,7181.0,-9.2662,70,0,25,ARIRANG
334700,5,KBSTAR 팔라듐선물인버스(H),4050,3,0,0.0,4082.0,-13.9214,5695,23,24,KBSTAR
285020,2,KBSTAR 200철강소재,7035,5,-230,-3.17,7030.0,-4.0925,972,6,21,KBSTAR
315480,2,KBSTAR 200커뮤니케이션서비스,10925,5,-330,-2.93,10968.0,-14.5731,16,0,15,KBSTAR
284990,2,KBSTAR 200에너지화학,9250,5,-325,-3.39,9270.0,-10.9303,1047,9,11,KBSTAR
287320,2,KBSTAR 200산업재,10135,5,-250,-2.41,10185.0,-6.4415,6,0,8,KBSTAR
287310,2,KBSTAR 200경기소비재,9040,5,-235,-2.53,9041.0,-2.2656,9,0,7,KBSTAR
