id,value
1,88880000.0
2,73290000.0
4,67445000.0
5,69975000.0
6,61245000.0
10,63145000.0
11,61280000.0
15,69495000.0
17,61025000.0
23,59675000.0
25,65280000.0
28,62630000.0
31,62920000.0
35,47880000.0
39,26075000.0
40,24655000.0
43,64580000.0
48,43925000.0
51,37285000.0
55,57585000.0
56,57945000.0
57,49450000.0
61,48345000.0
62,52680000.0
69,34330000.0
70,32630000.0
71,36285000.0
74,44525000.0
80,41265000.0
82,39685000.0
84,35564000.0
85,34725000.0
88,34800000.0
90,31757500.0
91,35910000.0
95,30625000.0
101,35090000.0
104,19310000.0
111,31740000.0
113,31230000.0
116,40210000.0
120,34406666.666666664
122,36125000.0
130,27802833.33333333
136,29294166.666666664
138,29264809.52380952
141,21965000.0
144,28564749.999999996
146,25920476.19047619
147,21455000.0
150,23995000.0
151,27772833.33333333
152,10925000.0
158,21210000.0
159,26880000.0
160,31575000.0
162,34375000.0
168,32645000.0
172,26340000.0
177,35965000.0
181,25277500.0
183,27854476.19047619
184,29733583.33333333
186,29505000.0
187,31115833.333333336
192,26312500.0
193,28620000.0
194,21266666.666666668
200,23710000.0
201,12915000.0
204,23692166.66666667
206,25637500.0
208,22164250.0
219,20222833.333333336
221,9052500.0
227,24110000.0
231,7575000.0
233,28723333.333333336
235,27435000.0
237,20235000.0
238,24385000.0
239,25525000.0
255,17590000.0
258,20410000.0
260,24807500.0
272,21380000.0
273,20410000.0
275,24511250.0
279,20160000.0
281,20290000.0
284,21274166.666666668
286,18605000.0
292,21315000.0
300,12750000.0
301,12610000.0
303,15370000.0
304,19566000.0
315,7080000.0
318,4956000.0
320,16380000.0
322,21240000.0
323,25655000.0
326,26320000.0
328,23525000.0
337,20041250.0
339,22010000.0
342,23838750.0
343,27151250.0
360,16751583.333333336
364,20041250.0
365,17808333.333333336
367,17030000.0
368,15305000.0
369,14381083.333333332
372,16565000.0
376,17630000.0
379,16954500.0
380,21225000.0
383,15270000.0
385,12240333.333333332
386,15950000.0
390,15481833.333333332
391,15415083.333333336
393,15415083.333333336
400,10127000.0
403,6622000.0
413,22520000.0
416,22840000.0
423,15680000.0
424,15980000.0
426,17145000.0
427,18090500.0
428,12145000.0
429,24445000.0
431,11965000.0
432,19970000.0
433,16715000.0
439,9820000.0
443,16155000.0
444,21142500.0
446,18300000.0
449,20005000.0
456,15035000.0
457,12787500.0
464,14715000.0
468,16395000.0
472,11925000.0
474,16230000.0
483,11995000.0
488,13741250.0
494,13880000.0
499,9573333.333333334
505,11700000.0
506,13741250.0
510,13652083.333333332
511,10165000.0
512,5745666.666666666
517,9846666.666666668
521,13645833.333333332
522,7395916.666666668
523,12554583.333333332
526,11478333.333333336
531,9846666.666666668
540,3317166.666666666
547,5783749.999999999
555,17750000.0
556,19225000.0
563,5023750.0
564,18885500.0
566,9295000.0
573,9365000.0
574,15885000.0
581,15880000.0
588,13087500.0
590,14805000.0
591,14605000.0
595,14760833.333333336
596,14524333.33333333
597,15825000.0
599,12895000.0
600,9873333.333333334
602,10527499.999999998
603,14103500.0
606,15675000.0
613,10301249.999999998
615,12475000.0
620,15885000.0
623,10725000.0
624,10076666.666666666
628,9765000.0
630,14455000.0
635,14265000.0
636,13685000.0
638,13715000.0
662,10070000.0
664,10355000.0
665,9883750.0
670,12715333.333333332
672,12100833.333333332
677,11871666.666666664
680,9883750.0
695,8300000.0
705,9180000.0
713,5672916.666666668
716,5088083.333333334
717,6756166.666666668
720,15875000.0
723,12793333.333333332
725,14830000.0
731,7580000.0
733,7580000.0
734,11831000.0
738,15075000.0
740,12190000.0
743,14410000.0
747,14380000.0
750,12751666.666666664
752,10599166.666666668
753,8250000.0
756,10510000.0
758,9231999.999999998
768,17685000.0
770,11714333.333333336
772,9340000.0
773,10883000.0
791,14784000.0
793,14130833.333333332
794,9922166.666666666
798,12078500.000000002
799,8427416.666666666
801,14380000.0
804,13379166.666666664
805,11216166.666666668
811,10260000.0
822,10405000.0
824,13710000.0
827,10950000.0
828,10185000.0
832,10205000.0
837,15345000.0
844,9881666.666666666
851,9075333.333333334
852,8764619.047619049
854,10220333.333333334
856,12190000.0
860,10025000.0
867,6826666.666666666
877,9363333.333333332
880,6245250.0
883,10058000.0
885,7985000.0
889,11962000.0
891,8292250.0
894,3565000.0
897,8886000.0
898,8995000.0
899,4391000.0
904,10120000.0
906,10131666.666666668
907,8978750.0
910,8362250.0
915,2065500.0
917,9005000.0
919,11817500.0
925,6610000.0
928,6500000.0
940,3229000.0
945,9519166.666666666
946,8653500.0
951,7322500.0
953,11291500.0
959,4469000.0
961,7106666.666666666
963,6155000.0
965,4698600.0
971,5349500.0
973,6500000.0
983,3442000.0
985,8750833.333333332
997,6012000.0
998,6787166.666666668
999,8750833.333333332
1004,2692000.0
1012,6482333.333333334
1014,12010000.0
1021,5239000.0
1024,10020000.0
1028,9519166.666666666
1034,7465000.0
1037,6235000.0
1038,14045000.0
1041,8406000.0
1043,6815000.0
1044,12630000.0
1048,14889000.0
1054,17275000.0
1058,8960000.0
1059,6255000.0
1061,11280833.333333332
1068,2692000.0
1070,6190000.0
1075,11960000.0
1076,3434000.0
1078,7937333.333333332
1080,8357250.0
1082,12843250.0
1084,2652000.0
1085,6500000.0
1088,11620000.0
1091,11010000.0
1094,16050000.0
1096,8095000.0
1099,8400249.999999998
1101,9083750.0
1103,9181238.095238095
1107,10265000.0
1108,9889285.714285715
1110,7290000.0
1117,8978750.0
1119,10710000.0
1120,8470750.0
1122,7485000.0
1130,16815000.0
1136,14410000.0
1137,7020000.0
1139,10993500.0
1140,10623333.333333332
1141,11175000.0
1144,8651250.0
1148,8154250.0
1165,8385000.0
1168,15365000.0
1174,10715000.0
1179,9444166.666666668
1187,8858750.0
1188,8817500.0
1190,3313500.0
1196,7250000.0
1197,4532133.333333333
1200,8960000.0
1201,10120000.0
1203,4926000.0
1205,8423833.333333334
1208,8334166.666666666
1212,7905666.666666666
1213,7471250.0
1214,9425000.0
1217,7480000.0
1224,6015000.0
1228,10120000.0
1229,6049000.0
1239,7406666.666666666
1240,7430000.0
1247,10605000.0
1259,12685833.333333336
1261,8710916.666666664
1265,8720000.0
1268,7825000.0
1269,1139000.0
1271,13151250.000000002
1274,7899333.333333334
1275,7782095.238095237
1276,10220000.0
1277,3173300.0
1278,8308499.999999999
1288,6305000.0
1291,6855500.0
1296,7895000.0
1297,7635833.333333334
1302,12072500.0
1304,9485000.0
1306,7764000.0
1307,3221166.666666666
1309,2525500.0
1310,7960000.0
1314,6319666.666666668
1316,8004000.0
1317,13400000.0
1323,5082000.0
1324,7246666.666666668
1325,8295190.476190477
1326,1990800.0
1331,4993800.0
1333,6928047.61904762
1334,7210000.0
1335,7420000.0
1337,7843000.0
1347,10365000.0
1348,5500000.0
1354,8487916.666666668
1355,4813000.0
1358,9988000.0
1362,8998333.333333334
1363,5541333.333333332
1375,7970000.0
1377,8315000.000000001
1380,11520166.666666668
1382,6585000.0
1391,4862333.333333334
1397,5785750.0
1400,7270000.0
1401,6940654.761904763
1405,12200000.0
1408,6967547.619047619
1409,7440000.0
1411,7356666.666666666
1417,4993800.0
1420,13805000.0
1421,9275000.0
1425,6015000.0
1428,4997000.0
1431,10815000.0
1436,7491250.0
1448,5500000.0
1450,5925000.0
1458,7103214.285714285
1459,10310000.0
1463,5273000.0
1471,10390000.0
1473,7857500.0
1474,7015000.0
1476,9825000.0
1482,7480000.0
1487,7270000.0
1491,9925416.666666666
1496,4342209.523809524
1497,8625000.0
1498,10850000.0
1504,8998333.333333334
1507,9335000.0
1509,7491250.0
1513,6049000.0
1518,6766214.285714285
1519,5082000.0
1522,7207500.0
1532,9258666.666666668
1534,13400000.0
1538,8308499.999999999
1542,7105000.0
1544,7250000.0
1549,7534333.333333332
1558,6868842.857142857
1562,6430000.0
1563,6250000.0
1564,6832000.0
1565,3786166.666666667
1568,5020000.0
1569,6705000.0
1570,4780800.0
1573,6114315.476190477
1574,6880333.333333334
1578,6057333.333333334
1580,8623011.904761905
1581,2702000.0
1585,5494529.761904762
1591,2707178.5714285714
1598,5879500.0
1600,7897500.0
1609,7440000.0
1614,7826714.285714285
1619,7897500.0
1628,6350000.0
1630,7000000.0
1633,5481250.0
1638,6514416.666666666
1651,2597666.6666666665
1652,7683333.333333332
1659,5380500.0
1663,6877000.0
1667,1788000.0
1668,6610698.745698745
1670,7687500.0
1671,7486166.666666668
1675,5618795.238095238
1678,6995000.0
1681,7889499.999999999
1683,6462500.0
1687,7501999.999999999
1689,8410000.0
1690,7356666.666666666
1697,10325000.0
1700,6025333.333333334
1711,6123666.666666666
1713,4866322.6190476185
1720,5978000.0
1723,13520000.0
1729,7305000.0
1730,6880333.333333334
1735,7650000.0
1736,6877000.0
1737,4867000.0
1738,6505000.0
1741,6856600.0
1747,6787666.666666668
1753,5961333.333333334
1755,6882000.0
1764,4954000.0
1766,8634107.142857144
1770,2702000.0
1775,4204000.0
1776,6362178.571428571
1783,7497000.0
1789,8438833.333333334
1794,6610698.745698745
1795,5544000.0
1799,9935000.0
1802,5501500.0
1805,647750.0
1808,8129202.380952381
1811,5269190.476190476
1812,9081333.333333334
1813,8540000.0
1816,5752800.0
1817,8870000.0
1820,782000.0
1828,6940333.333333334
1837,8330000.0
1838,9889285.714285715
1840,4950733.333333333
1841,8421500.000000002
1842,7763750.0
1843,5336000.0
1845,6393750.0
1847,4413000.0
1848,6532000.0
1853,5879500.0
1855,7856766.666666666
1856,5972666.666666668
1861,9850833.333333334
1864,6868842.857142857
1871,5618795.238095238
1873,4398000.0
1874,8355000.0
1875,8625000.0
1876,6362178.571428571
1877,4449983.333333333
1885,7588000.0
1887,6575000.0
1894,8540000.0
1896,9944000.0
1897,10163750.0
1905,6662142.857142856
1908,3097664.935064935
1909,10460000.0
1912,5086250.0
1918,11370000.0
1922,10020000.0
1923,6995000.0
1926,7595000.0
1930,5677250.0
1935,6595000.0
1949,5951583.333333332
1960,6674976.19047619
1967,6072000.0
1968,7785333.333333332
1969,5269190.476190476
1973,5366857.142857144
1974,5269190.476190476
1976,1493000.0
1977,6662142.857142856
1978,8686666.666666666
1982,8227500.0
1986,4129000.0
1996,6880333.333333334
2002,4214350.000000001
2010,9075000.0
2013,5163000.0
2014,4368250.0
2024,6000000.0
2026,1676500.0
2027,8594666.666666666
2028,5492833.333333334
2031,2525227.3809523815
2033,5538166.666666668
2038,6055583.333333332
2041,5448000.0
2047,5492833.333333334
2054,5832000.0
2055,7393333.333333332
2057,6550666.666666668
2059,5500000.0
2062,5980000.0
2063,6940000.0
2074,1567500.0
2077,4682933.333333334
2089,7379595.238095237
2092,6055583.333333332
2095,4204000.0
2099,6587666.666666668
2108,5025769.047619047
2116,3279885.714285714
2117,7472107.142857143
2120,3575000.0
2130,4623380.952380952
2131,1854940.4761904762
2133,5448000.0
2135,4501633.333333333
2138,2569707.142857143
2139,7075083.333333332
2140,7640000.0
2143,4379266.666666666
2144,5164444.444444445
2146,5271400.0
2148,1692933.333333333
2153,5087000.0
2160,3200000.0
2173,5832000.0
2179,5182316.666666666
2180,7687333.333333335
2181,2569707.142857143
2182,766000.0
2183,1606375.0
2184,4513605.555555555
2189,2569707.142857143
2190,6509504.301254301
2191,7225738.095238095
2192,6965833.333333334
2200,5487000.0
2205,3748925.0
2206,5950000.0
2207,4746333.333333334
2212,4440661.904761905
2215,1669116.6666666665
2219,6172333.333333331
2229,6904333.333333332
2232,4907999.999999999
2238,5158047.619047619
2241,7135500.0
2244,3771333.333333333
2247,670850.0
2249,6360000.0
2250,750750.0
2254,5804783.333333334
2255,5989000.0
2262,6294999.999999997
2264,4185250.0
2268,6956285.714285715
2269,4653366.666666666
2281,2330285.7142857146
2284,6677000.0
2288,4316083.333333333
2296,5677250.0
2299,7044333.333333334
2300,6706508.269508269
2302,4620866.666666667
2305,10163750.0
2310,4991000.0
2325,6000000.0
2327,4678175.0
2332,6359333.333333332
2333,4383833.333333334
2343,7156666.666666666
2347,6639666.666666666
2350,3832600.0
2356,6467500.0
2359,10235000.0
2365,4325083.333333334
2370,4037000.0
2372,7135500.0
2375,5317116.666666667
2382,4360416.666666667
2383,8185000.0
2386,4186200.0
2390,6467500.0
2398,3658922.619047619
2403,6453542.857142857
2406,5500000.0
2411,4501633.333333333
2418,3158000.0
2419,5858750.0
2422,6940000.0
2429,5278557.142857144
2430,6550000.0
2431,7006666.666666666
2434,5386000.0
2439,5182316.666666666
2443,4907999.999999999
2445,10446000.0
2449,6267809.523809525
2452,4381800.0
2456,5182316.666666666
2459,10353750.0
2465,5510000.0
2476,4381800.0
2485,5989000.0
2488,3163800.0
2490,7595000.0
2491,6375333.333333334
2492,5333092.857142858
2501,2312000.0
2503,5946000.0
2506,5923416.666666668
2508,5438000.0
2510,3645800.0
2513,6931666.666666668
2520,5408333.333333334
2521,4446022.222222222
2525,6060166.666666668
2526,1195500.0
2529,6202750.0
2530,4000000.0
2535,2322000.0
2536,3880000.0
2540,278750.0
2543,1953000.0
2547,7534333.333333332
2549,1131750.0
2558,4157066.666666666
2559,3813333.333333333
2562,3322357.142857143
2568,665050.0
2570,3979200.0
2571,4064083.333333333
2573,1520833.3333333335
2575,3975200.0
2576,3119733.333333334
2577,2980066.6666666674
2578,3035412.271062271
2581,3446228.571428572
2582,4072100.0
2583,6234659.523809525
2584,4280766.666666667
2586,1148750.0
2587,4146200.0
2595,2696161.9047619044
2600,4164214.2857142854
2603,4072100.0
2604,3408333.3333333326
2605,3093394.444444444
2606,4479104.761904763
2610,4388350.0
2613,3483086.5079365075
2630,6359333.333333332
2631,623050.0
2632,4367888.095238095
2652,3965033.333333333
2659,3471030.9523809524
2662,4850549.999999999
2665,1518416.6666666665
2667,5173341.666666666
2668,5651166.666666668
2672,3504250.0
2674,3008783.333333333
2675,3093394.444444444
2676,4667750.0
2678,3875333.333333334
2685,4011930.9523809515
2689,2324000.0
2691,2698928.5714285714
2694,6122055.555555556
2695,1812933.3333333335
2697,3381641.7388167395
2699,5989000.0
2700,3099500.0
2701,2650851.803751804
2705,3547583.333333334
2716,2932466.666666667
2718,3200000.0
2721,3222175.6854256857
2733,5321383.333333333
2737,1791250.0
2739,5752800.0
2748,3335900.0
2749,3651817.4603174604
2752,3194138.0952380956
2753,2610000.0
2755,619650.0
2765,2268754.7619047617
2766,3093394.444444444
2774,3875333.333333334
2775,3979200.0
2776,6940000.0
2777,2268754.7619047617
2779,3222175.6854256857
2785,4045749.9999999986
2786,7148583.333333334
2796,4276216.666666667
2797,2646518.4704184704
2805,6122055.555555556
2807,3991497.619047619
2809,7929083.333333334
2810,3096700.0
2816,3409642.8571428573
2817,3743800.0
2819,4254700.0
2827,3977133.333333334
2833,3187076.1904761903
2835,4862749.999999999
2837,3194138.0952380956
2841,4510685.714285715
2842,6695550.0
2843,6627738.095238095
2851,3027653.9682539687
2854,8379000.0
2860,2896333.333333334
2863,2372000.0
2869,3382102.3809523815
2874,1684571.4285714286
2876,1599066.6666666663
2877,3983366.666666667
2878,3975200.0
2882,6517750.0
2887,3229533.333333333
2889,3981000.0
2890,3577928.5714285714
2903,3983725.0000000005
2906,2322000.0
2910,7225738.095238095
2912,4661416.666666667
2913,3093394.444444444
2918,3714600.0
2921,3119733.333333334
2922,3357188.095238095
2925,8536321.42857143
2927,3640817.4603174604
2930,3484271.4285714286
2936,3001181.7460317463
2937,2199333.3333333335
2943,5832000.0
2946,574750.0
2947,3035412.271062271
2949,603350.0
2952,3577928.5714285714
2953,2650851.803751804
2955,3980583.333333333
2957,3229533.333333333
2960,3908400.0
2962,2427000.0
2963,3979200.0
2969,5349883.333333333
2977,3035412.271062271
2979,3235238.8888888885
2980,5223250.0
2992,4085161.9047619044
2994,5989035.714285714
3002,4136666.666666667
3008,8048333.333333332
3009,1597000.0
3011,3200000.0
3016,4061566.666666667
3022,4141176.1904761903
3023,3872400.0
3031,4000000.0
3035,3159546.96969697
3039,4823233.333333333
3045,11675000.0
3048,4001266.6666666674
3052,3114566.666666667
3055,3579566.666666667
3056,4276216.666666667
3058,2322000.0
3068,4489605.555555555
3069,3981999.9999999995
3070,7984375.0
3072,3733733.333333334
3073,5751433.333333332
3074,5664950.0
3075,3089485.7142857146
3077,5631925.0
3080,3194138.0952380956
3091,4493816.666666666
3102,3029880.952380953
3106,3409642.8571428573
3116,3425266.666666667
3123,2429171.4285714286
3124,3581000.0
3126,3480704.7619047626
3130,3629700.0
3137,1612500.0
3139,2122071.428571428
3146,5374000.0
3147,4061566.666666667
3152,3337910.714285714
3160,3088619.047619047
3166,2795000.0
3168,4115550.0
3170,2117500.0
3172,4025700.0
3173,3353000.0
3176,890000.0
3177,1946008.3333333335
3197,3411666.666666667
3200,3855033.333333334
3201,4328000.0
3204,3488205.555555556
3206,4288016.666666667
3210,3270247.6190476185
3219,2671319.0476190476
3220,2508666.6666666665
3229,2503466.666666667
3232,7817107.142857143
3235,2991500.0
3236,2566695.238095238
3239,2228342.8571428573
3240,805500.0
3249,3296176.9841269837
3257,3576519.841269842
3260,7419500.0
3262,4388350.0
3264,2090383.54978355
3267,3388554.7619047617
3268,2547000.0
3272,3581000.0
3278,3357188.095238095
3286,2820001.515151515
3290,1998500.0
3291,2500000.0
3292,4316761.904761905
3293,3078583.333333333
3296,1946008.3333333335
3305,3194000.0
3308,3853964.2857142854
3309,2847000.0
3315,2671319.0476190476
3319,2728270.579420579
3320,3731346.7171717174
3326,4134264.2857142854
3330,3034999.9999999986
3333,2505703.0303030307
3334,5547523.809523809
3337,4194250.0
3341,3337910.714285714
3342,3488750.0
3343,2528833.3333333335
3345,3222578.5714285714
3346,3020042.8571428573
3347,781000.0
3355,4190533.333333333
3358,1946008.3333333335
3359,2842709.523809524
3361,7419500.0
3362,5034000.0
3364,887000.0
3365,2308500.0
3367,3066600.0
3369,2504433.3333333335
3374,3959100.0
3386,2671319.0476190476
3389,1797219.0476190478
3390,3194000.0
3395,2915083.333333334
3403,4318499.999999999
3410,2897940.4761904757
3411,2701291.6666666674
3413,2400000.0
3417,3056083.333333333
3419,4101000.0
3425,1769023.3710733717
3426,1797219.0476190478
3429,764650.0
3433,2795000.0
3436,3697588.095238095
3445,1769023.3710733717
3447,3019642.8571428573
3448,5887119.047619046
3454,2791000.0
3461,2991500.0
3468,2853683.333333333
3470,2671319.0476190476
3475,2400000.0
3482,4066442.8571428573
3484,3216197.402597403
3491,3460166.666666666
3492,720650.0
3496,1994108.333333333
3500,3400000.0
3514,432600.0
3524,5569000.0
3526,2760200.0
3527,4025700.0
3528,2534000.0
3532,2499833.3333333335
3534,3902626.1904761903
3535,3278974.025974027
3539,3736061.9047619044
3540,2977607.1428571427
3555,3328403.174603175
3563,2224261.904761905
3569,1905400.0
3572,3736061.9047619044
3575,3222578.5714285714
3584,3216197.402597403
3588,3981999.9999999995
3597,4568000.0
3598,2915083.333333334
3601,2500000.0
3612,4092633.333333333
3614,2685750.0
3615,1850000.0
3618,3887583.333333333
3625,2476942.8571428573
3655,1380425.0
3661,2400000.0
3665,4207400.0
3666,887000.0
3675,3411666.666666667
3683,7902166.666666666
3685,2111071.428571428
3688,3130033.333333333
3690,5133799.999999999
3697,3349000.0
3710,1220258.3333333333
3716,2933678.5714285714
3727,3194000.0
3738,2463442.8571428573
3745,2090383.54978355
3749,5540190.476190477
3754,5349883.333333333
3776,2728270.579420579
3778,4597333.333333333
3784,4308538.88888889
3786,2500000.0
3788,2448550.0
3791,3585000.0
3803,3433357.142857143
3809,4090066.666666666
3811,2671319.0476190476
3817,2812000.0
3820,4886083.333333333
3824,3546466.6666666656
3826,2392795.238095238
3829,694493.5897435897
3831,3620866.666666666
3832,1958466.6666666665
3836,1459000.0
3845,3472405.555555556
3846,2404733.658008658
3848,2627505.9523809524
3849,2572966.666666667
3857,1802000.0
3859,2356000.0
3861,2601528.5714285714
3867,2977583.333333333
3876,2276000.0
3877,2102885.642135642
3878,713433.3333333333
3883,1800000.0
3885,2550500.0
3889,2292500.0
3890,2420000.0
3891,3465900.0000000005
3913,2500000.0
3920,4876783.333333332
3922,1477750.0
3930,2222000.0
3931,3096188.095238095
3934,4620866.666666667
3941,3075895.238095239
3942,699213.979076479
3945,2401500.0
3950,272850.0
3951,1011000.0
3959,359000.0
3960,1026291.6666666667
3962,1419800.0
3972,4620866.666666667
3982,1800000.0
3984,2316390.476190476
3986,2094708.333333333
3988,2579583.333333333
3989,3010000.0
3990,2836266.666666666
3991,2392795.238095238
3995,1764592.8571428573
3997,2146000.0
4000,2733783.333333333
4002,1802000.0
4007,1800000.0
4010,2390483.658008658
4012,2053600.0
4013,1500000.0
4019,1802000.0
4028,199600.0
4032,2351003.571428572
4035,2498999.9999999995
4038,2065433.3333333337
4040,3642466.666666667
4042,2476942.8571428573
4046,3417113.0952380956
4054,2591316.6666666665
4065,2804000.0
4073,1477000.0
4074,960500.0
4084,1806400.0
4106,2461666.666666667
4108,1385500.0
4109,1262500.0
4110,3504816.666666666
4111,2400000.0
4112,2316390.476190476
4113,1425000.0
4115,703406.9444444445
4119,1874200.0
4123,3329347.619047619
4129,1952000.0
4131,1764592.8571428573
4133,1383081.3492063493
4138,3171957.142857143
4143,2401500.0
4146,2401500.0
4151,1713392.857142857
4161,960500.0
4163,2065433.3333333337
4166,714850.0
4168,2384563.492063492
4171,1800000.0
4180,1993723.2323232316
4185,1806400.0
4189,3425266.666666667
4190,1380414.6825396824
4191,2452483.3333333335
4197,1738153.9682539683
4201,1764592.8571428573
4208,1681616.6666666665
4213,1481000.0
4219,3134166.666666667
4221,1804528.5714285714
4226,1380414.6825396824
4233,2203017.8571428563
4241,1400800.0
4245,3855033.333333334
4256,2222000.0
4261,2404733.658008658
4262,3478749.9999999995
4268,343425.0
4274,277950.0
4278,1764592.8571428573
4279,2292500.0
4280,2613900.0000000005
4289,2401500.0
4291,3581000.0
4294,1863335.7142857146
4301,3576519.841269842
4308,2404000.0
4310,3269650.0000000005
4312,2615738.8888888885
4315,2482766.6666666665
4321,2012219.4444444445
4325,1940068.5425685428
4326,1995096.9696969697
4327,1796260.3785103785
4328,792446.4285714286
4329,2487666.6666666665
4341,1993723.2323232316
4343,1921387.7344877347
4349,2404733.658008658
4350,1380414.6825396824
4357,1854732.3599173445
4359,1798750.0
4362,588124.9999999999
4364,1764592.8571428573
4366,1899000.0
4369,588545.2380952381
4376,3023583.333333334
4380,2728125.0
4381,2848500.0
4383,1262500.0
4388,2301000.0
4395,5133799.999999999
4396,2735700.0
4407,1495000.0
4414,3020042.8571428573
4415,1597333.333333333
4416,4056583.333333334
4419,699213.979076479
4425,2461666.666666667
4427,2762900.0
4432,1764592.8571428573
4433,1668961.904761905
4435,3472405.555555556
4440,3056083.333333333
4441,980866.28996004
4443,1597333.333333333
4446,5133799.999999999
4454,3488750.0
4462,2019166.666666667
4474,3432599.9999999995
4481,927500.0
4484,4396400.0
4489,1931971.4285714286
4491,1900000.0
4492,2550500.0
4505,1505750.0
4510,1380414.6825396824
4520,1921387.7344877347
4521,1952000.0
4522,2301000.0
4529,953558.3333333333
4531,1430750.0
4532,1899000.0
4557,2250133.3333333335
4561,2242100.0
4562,2428709.523809524
4564,1819769.0476190476
4566,1044000.0
4571,2845083.333333334
4581,1745580.9523809522
4584,4744366.666666667
4585,3202021.4285714286
4590,2133052.380952381
4594,1970238.095238095
4595,1358150.0
4596,1687763.4920634925
4598,1746485.3174603179
4601,2250133.3333333335
4604,3998580.9523809524
4605,2170572.619047619
4610,1108000.0
4618,1313888.528138528
4619,2469135.7142857146
4620,953812.5
4623,3029999.9999999995
4628,1309883.1168831168
4635,1170081.3852813852
4645,1324519.4444444443
4652,1598809.5238095238
4654,1309972.9242979244
4655,2845083.333333334
4656,2565766.666666666
4657,663917.8571428572
4661,757509.7222222222
4662,1129558.3333333333
4663,722033.3333333335
4665,1283250.0
4670,2283666.6666666665
4671,2404733.658008658
4672,2627505.9523809524
4675,1324519.4444444443
4676,1394733.3333333335
4678,1580983.3333333335
4681,1200000.0
4684,1769992.857142857
4687,1200000.0
4697,3286583.3333333326
4705,1527687.8787878787
4707,1321500.0
4714,1800825.0
4715,1805600.0
4717,1292233.3333333333
4721,1674088.4920634923
4725,1758378.5714285716
4726,1674088.4920634923
4730,2504666.666666667
4732,1671568.2539682544
4734,1285750.0
4735,1400000.0
4741,1881300.0
4750,2363671.428571428
4757,1556000.0
4760,2363671.428571428
4765,1443113.0952380951
4767,1200000.0
4769,1932433.3333333335
4770,849483.3333333333
4773,1469266.666666667
4775,858333.3333333335
4779,1519580.9523809522
4783,3742500.0
4787,1362843.9421689417
4794,2615738.8888888885
4796,2749016.666666666
4797,1556000.0
4801,2124418.7728937734
4806,2595907.1428571427
4808,1497283.3333333335
4814,4593450.000000001
4820,1674088.4920634923
4825,1800825.0
4828,2595907.1428571427
4840,990291.6666666665
4844,2711800.0
4845,1794345.2380952379
4846,1861538.8888888883
4851,2514000.0
4862,2835000.0
4864,1697000.0
4871,1818000.0
4872,2949783.333333334
4874,1292233.3333333333
4877,1376317.4603174604
4878,1687763.4920634925
4886,904400.0
4888,1415600.0
4893,1292233.3333333333
4900,2187230.9523809524
4921,1588308.7301587302
4929,1362843.9421689417
4934,1803000.0
4935,3022000.0
4938,1000500.0
4949,1594666.6666666665
4951,1456322.6190476194
4952,1294100.0
4955,2160800.0
4963,1496283.3333333335
4977,1189625.0
4984,1799800.0
4987,1475600.0
4991,1443113.0952380951
5001,1014500.0
5002,3071166.666666667
5011,2729390.4761904757
5012,1421000.0
5015,1407034.920634921
5018,1119000.0
5022,1526016.666666667
5024,2518083.333333334
5027,3736061.9047619044
5031,2250133.3333333335
5042,1889250.0
5043,4946000.0
5044,1309972.9242979244
5048,2276771.4285714286
5054,3107666.666666666
5055,2457250.0000000005
5056,2762900.0
5059,1086887.5
5065,1200000.0
5066,1769992.857142857
5070,3346900.0
5072,1486504.761904762
5078,1362843.9421689417
5083,585966.6666666665
5100,1600000.0
5101,283391.6666666667
5104,1324519.4444444443
5106,2271933.333333333
5107,1890333.3333333335
5108,2235959.1269841264
5112,1544846.4285714286
5117,3029999.9999999995
5118,1400166.6666666665
5120,2415533.333333333
5124,1399166.6666666665
5128,1922965.0793650793
5132,1255181.3852813854
5134,1443113.0952380951
5137,2160800.0
5139,1900000.0
5141,1864500.0000000002
5147,2453164.2857142854
5148,1399166.6666666665
5158,1588308.7301587302
5162,1697000.0
5164,8292166.666666666
5170,1324519.4444444443
5171,1791583.3333333335
5176,1687763.4920634925
5180,2037694.4444444445
5181,1632635.7142857143
5182,1247751.984126984
5188,2154149.9999999995
5197,1681616.6666666665
5198,1685504.7619047621
5201,1605576.1904761905
5215,516417.8571428571
5216,2985897.619047619
5217,1682966.666666667
5220,1695653.9682539683
5221,1769992.857142857
5223,1407034.920634921
5226,1400000.0
5227,2735700.0
5233,1560666.666666667
5239,1707333.333333333
5240,3848419.0476190476
5242,1675000.0
5243,3926983.333333333
5245,1881300.0
5247,1375462.6984126982
5252,1114833.3333333333
5255,2053600.0
5260,1795345.2380952379
5264,997125.0
5269,3286438.095238096
5272,1415600.0
5276,2163566.6666666665
5282,1637150.0
5286,1342500.0
5290,2187828.896103896
5291,2837466.666666667
5296,1688342.063492064
5303,2033647.6190476192
5304,1399166.6666666665
5309,1790231.3131313133
5317,2457383.333333333
5319,2726061.9047619044
5322,990291.6666666665
5324,722033.3333333335
5325,1214781.746031746
5329,2053333.3333333335
5330,3050500.0
5333,3697588.095238095
5334,2442816.6666666665
5340,1205142.8571428573
5342,251604.16666666672
5346,1849546.4285714286
5349,1437483.333333333
5350,1330448.8698801198
5355,2406826.1904761903
5360,1443113.0952380951
5374,1322000.0
5376,3438716.666666666
5377,2186858.333333333
5389,590241.6666666666
5393,990291.6666666665
5395,1244285.7142857143
5396,1330448.8698801198
5397,2904250.0
5398,763875.0
5399,1380219.0476190478
5401,2091333.3333333337
5402,1498600.0000000002
5405,1079735.4166666665
5413,2145000.0
5417,1104570.4503829507
5418,3642466.666666667
5419,1621043.2539682547
5426,873000.0
5429,610577.0833333333
5431,1100000.0
5432,1100000.0
5436,2735700.0
5439,898929.4642857143
5440,670250.0
5455,610577.0833333333
5456,993073.7103174601
5468,836183.3333333335
5469,650250.0
5472,700000.0
5473,823584.172077922
5475,1315733.3333333333
5481,426000.0
5482,985413.095238095
5490,700000.0
5494,1099375.0
5499,1221000.0
5504,994944.5977633478
5513,273600.0
5528,1364536.3636363638
5535,1685504.7619047621
5542,1032564.366883117
5543,1099375.0
5546,875125.0
5547,1171908.3333333335
5552,457350.0
5553,591584.2261904762
5557,951847.5503663004
5558,1220570.4365079363
5566,976414.6825396824
5567,763045.8333333333
5576,617062.5
5583,836517.5595238094
5585,273600.0
5590,1481750.0
5594,269700.0
5602,1825839.2857142854
5603,1103224.9999999998
5610,873761.9047619047
5620,1324363.6363636362
5623,1556511.9047619049
5641,1391000.0
5647,1230879.1666666665
5649,990408.3333333333
5660,1367250.0
5661,1625348.8095238092
5668,1103224.9999999998
5673,2368951.1904761903
5675,700000.0
5676,1372687.4458874457
5682,1079735.4166666665
5686,1683346.8253968256
5689,583968.6056998557
5696,827329.1666666667
5713,1297502.8138528138
5715,2063416.6666666672
5717,898929.4642857143
5724,693125.0
5729,1400000.0
5733,891286.607142857
5737,4768433.333333333
5740,650750.0
5741,968571.4015151514
5750,985413.095238095
5758,997460.119047619
5759,1422916.6666666665
5763,1012075.6944444445
5764,982110.119047619
5776,1315733.3333333333
5777,875125.0
5780,871842.6406926408
5783,836183.3333333335
5784,1276845.238095238
5788,1178935.714285714
5790,950000.0
5792,591584.2261904762
5794,1253230.9523809524
5799,617062.5
5807,1032465.6295093794
5808,1032564.366883117
5812,313841.6666666667
5813,1334257.1428571425
5819,1363057.1428571427
5824,994944.5977633478
5826,1228244.0476190476
5838,1748000.0
5840,1591025.0
5851,1108298.2683982684
5852,917771.4285714286
5861,1211578.427128427
5863,774742.8571428572
5870,1193333.3333333333
5871,871842.6406926408
5872,983596.4285714286
5878,2451250.0
5888,447000.0
5893,1000359.0277777778
5902,1482643.4343434342
5905,2110758.3333333335
5907,1339877.3809523813
5909,827329.1666666667
5922,300838.6904761905
5926,249191.66666666663
5929,1332461.9047619046
5933,3300785.7142857146
5940,1519580.9523809522
5948,617062.5
5949,700000.0
5955,591584.2261904762
5956,313841.6666666667
5959,2253666.6666666665
5962,643237.4999999999
5963,1004775.6944444444
5965,501712.5
5966,1648458.3333333335
5968,1291845.8333333335
5969,950000.0
5970,1042275.0000000001
5971,2382266.6666666665
5972,764684.8214285714
5974,2006315.367965368
5975,1482643.4343434342
5977,2666757.1428571427
5981,2496583.3333333335
5983,1864500.0000000002
5986,1174384.5238095238
5988,875432.7380952382
5990,1072940.4761904762
5997,1400000.0
5998,707500.0
6002,672500.0
6008,836183.3333333335
6010,693125.0
6013,444350.0
6016,249191.66666666663
6031,763045.8333333333
6032,1411750.0
6036,807895.2380952376
6037,670250.0
6038,2194452.3809523806
6041,1906799.9999999998
6046,812603.3820346321
6047,827329.1666666667
6058,1000075.0
6063,670250.0
6065,713500.0
6066,2548683.3333333335
6081,1100000.0
6085,1100000.0
6086,1097242.1245421246
6088,900914.5833333333
6090,2235959.1269841264
6093,700000.0
6095,763045.8333333333
6098,1850116.6666666665
6099,1257970.6515706514
6104,1016250.0
6105,978154.4642857143
6111,2496583.3333333335
6115,1516000.0
6116,1906799.9999999998
6122,1000000.0
6131,1400166.6666666665
6135,1550866.6666666665
6136,3033550.0
6140,696866.6666666665
6141,1209900.0
6142,1100000.0
6143,617062.5
6144,1032564.366883117
6145,1339877.3809523813
6151,1033586.7063492063
6152,700000.0
6154,1100000.0
6161,591584.2261904762
6162,1163691.6666666667
6169,968571.4015151514
6170,1386866.6666666665
6173,997460.119047619
6181,2428709.523809524
6184,1100000.0
6185,1005250.0000000001
6187,828000.0
6192,1297502.8138528138
6194,950000.0
6200,2427155.555555556
6202,1438066.6666666665
6203,823584.172077922
6204,798500.0
6212,1317988.0952380951
6213,855437.5
6215,304991.369047619
6217,1072940.4761904762
6218,1880442.8571428573
6221,2852000.0
6226,2937233.333333333
6227,2453480.9523809524
6228,1194962.5
6229,588750.0
6236,846750.0
6237,309737.2023809523
6238,1810000.0
6245,1770866.6666666665
6250,2102885.642135642
6252,1230879.1666666665
6254,1688500.0
6258,1849546.4285714286
6260,1486099.9999999998
6262,444250.0
6274,1637150.0
6281,812603.3820346321
6285,1033586.7063492063
6288,1016187.5
6300,1103224.9999999998
6302,1746485.3174603179
6307,999000.0
6308,1449253.174603175
6311,426000.0
6317,2133025.0
6328,1296900.0
6331,897062.4999999999
6333,955383.3333333335
6335,1339877.3809523813
6343,898929.4642857143
6344,1840863.8888888888
6349,274100.0
6353,935543.8998501498
6355,1364536.3636363638
6359,762138.492063492
6367,1115000.0
6368,1658250.0
6369,924596.8253968256
6370,1039069.5741758241
6373,1045976.767676768
6382,809996.4285714285
6385,991625.0
6386,875125.0
6387,724053.8690476193
6389,668510.7142857142
6394,1463000.0
6411,357638.2142857143
6413,1276475.396825397
6417,1168460.6060606062
6423,724053.8690476193
6425,1297502.8138528138
6444,357638.2142857143
6449,1453645.833333333
6455,875432.7380952382
6460,1012775.8928571427
6467,924750.0
6470,708252.8638028638
6476,898333.9348151853
6479,1175336.8326118325
6480,2053333.3333333335
6486,517009.5238095239
6487,1152647.8174603174
6493,871931.8181818181
6497,1126903.9682539683
6499,946807.0436507937
6501,596250.0
6503,528500.0
6505,599500.0
6507,796361.0119047618
6511,945457.2961760462
6512,889015.4761904762
6521,997575.0000000001
6522,945457.2961760462
6532,873645.8333333335
6534,750500.0
6536,359108.63095238106
6538,716666.6666666665
6541,827136.3095238094
6550,1657126.9841269841
6561,450250.0
6564,2496583.3333333335
6569,642745.8333333334
6577,885995.2380952381
6579,587120.7868520368
6583,889015.4761904762
6587,922685.3174603177
6592,872531.5476190478
6603,254191.62337662335
6607,1436025.0
6613,863562.1302308803
6626,831833.3333333331
6647,658728.0851093349
6650,1002666.6666666665
6657,1311333.3333333333
6663,855227.0833333331
6672,1570502.7777777775
6677,587120.7868520368
6678,889015.4761904762
6681,668510.7142857142
6683,674289.6825396825
6685,724824.7023809525
6689,595522.4733599732
6691,722695.5357142858
6692,842244.9404761904
6699,1024554.1666666665
6709,524016.66666666674
6719,678368.7340437337
6731,517009.5238095239
6738,1357550.0
6739,827136.3095238094
6740,809996.4285714285
6746,914495.8333333335
6751,994944.5977633478
6755,726785.9848484847
6756,925000.0
6757,997800.6944444444
6768,997800.6944444444
6779,1170963.492063492
6780,787987.5
6782,1745580.9523809522
6783,1206784.126984127
6787,1263500.0
6788,536050.0
6795,1013184.4155844157
6799,945457.2961760462
6804,865127.3809523811
6811,2249833.333333333
6813,373616.66666666674
6814,795558.9285714285
6816,917800.0
6824,841873.7824675328
6825,218760.0
6826,370954.16666666674
6827,598368.3066933067
6835,1054048.2683982684
6845,1111718.0555555555
6851,707247.9166666667
6852,1761933.333333333
6858,891295.8333333333
6862,865127.3809523811
6866,1087308.3333333333
6867,922875.0
6868,830750.0
6880,994478.5714285715
6883,865127.3809523811
6899,1282214.2857142857
6901,980058.9285714285
6902,980058.9285714285
6907,828099.4949494947
6914,1249000.0
6916,1269416.6666666667
6917,668510.7142857142
6932,950750.0
6936,1518461.9047619049
6947,924750.0
6949,898541.6666666667
6950,997800.6944444444
6954,772600.0
6971,2091333.3333333337
6973,1147814.1414141413
6974,1004900.0
6982,1921416.6666666665
6983,855227.0833333331
6998,1220570.4365079363
7006,1126754.761904762
7008,899125.0
7030,762138.492063492
7036,704290.8369408369
7037,668510.7142857142
7038,978928.5714285714
7043,3642466.666666667
7051,1013500.0
7053,917561.3095238096
7059,894749.9999999999
7060,1542400.0
7062,821448.484848485
7067,3362500.0
7070,931935.9126984127
7076,983569.8322510822
7078,2053333.3333333335
7079,61000.0
7084,886208.3333333335
7090,1076789.5833333335
7091,974526.7857142857
7093,1222500.0
7100,1198416.6666666665
7104,678368.7340437337
7108,762138.492063492
7111,991191.6666666665
7112,845866.6666666665
7115,929791.6666666667
7117,651561.1277611278
7127,897062.4999999999
7133,700462.6623376624
7136,1068252.9761904757
7138,825808.3333333333
7145,898874.9999999999
7146,734813.392857143
7151,451125.0
7163,914342.8571428572
7171,254191.62337662335
7173,809794.0476190478
7187,1864500.0000000002
7193,1263500.0
7195,587120.7868520368
7201,1153891.666666667
7208,809996.4285714285
7211,828000.0
7213,451125.0
7221,981954.1666666665
7223,827136.3095238094
7233,1366750.0
7235,704290.8369408369
7236,1108000.0
7244,865127.3809523811
7245,1365857.1428571427
7248,835250.0
7249,724600.0
7252,724500.0
7261,363009.0476190477
7271,3269650.0000000005
7272,794250.0
7275,377716.66666666674
7292,764154.1666666665
7295,1288041.6666666667
7300,1053333.3333333333
7302,837307.7380952381
7304,690925.0978188479
7312,721250.0
7314,1000125.0
7325,981705.9523809521
7329,978928.5714285714
7330,950002.6785714286
7334,1253390.4761904762
7336,576058.3333333333
7340,230000.0
7341,850551.1904761903
7351,570916.6666666666
7356,901283.8834776335
7360,582458.3333333334
7364,796582.7380952382
7372,810328.8690476189
7373,587811.9047619047
7383,728245.2380952382
7385,267034.5833333333
7394,612796.2301587302
7398,895958.3333333335
7401,350302.9166666666
7408,898333.9348151853
7409,1213000.0
7410,690925.0978188479
7417,1135780.9523809524
7418,582208.3333333334
7419,746678.4541847041
7429,1316345.833333333
7444,810328.8690476189
7450,1518461.9047619049
7454,1053333.3333333333
7459,230000.0
7462,721445.3303640804
7466,387268.5714285714
7469,901283.8834776335
7478,294723.3333333333
7493,910017.8571428572
7502,373038.5714285714
7504,653422.2222222221
7511,598750.0
7512,1167049.603174603
7515,230000.0
7520,1282214.2857142857
7523,98496.66666666666
7524,659800.0
7527,1277566.666666667
7544,643000.0
7554,2709933.333333334
7555,950355.9523809524
7559,792632.7380952381
7560,917534.5238095238
7564,1402800.0
7569,902002.9761904762
7571,1568116.6666666665
7579,1194291.6666666667
7583,955383.3333333335
7584,909472.3214285714
7586,988196.9155844152
7598,996534.523809524
7605,975128.6345598843
7612,720664.3578643579
7614,728245.2380952382
7615,713597.0238095238
7616,1004991.6666666667
7618,795656.1507936509
7620,706437.5
7623,980500.0
7627,747250.0
7630,948469.3452380954
7631,724500.0
7632,792632.7380952381
7636,898333.9348151853
7643,1106279.1666666665
7644,167372.61904761902
7647,1120153.7518037516
7650,630777.2435897436
7651,709879.7619047619
7653,958916.6666666667
7657,230000.0
7658,712760.7142857143
7667,1201687.5
7676,897030.1677489181
7677,913814.2857142857
7683,1217000.0
7689,878639.9801587303
7703,1110702.0833333335
7705,748499.9999999999
7710,502241.6666666666
7712,663035.9668109668
7722,717158.5317460318
7729,910017.8571428572
7731,882780.1767676766
7733,795833.3333333335
7735,598812.5
7741,582458.3333333334
7746,645977.6785714286
7750,800461.6071428572
7751,590196.9246031746
7757,700517.0093795094
7759,1486099.9999999998
7772,863562.1302308803
7773,780522.7453102453
7785,828500.0
7789,1055689.2857142857
7801,1024554.1666666665
7806,889169.0476190475
7809,1268291.6666666667
7818,1139404.5454545459
7819,758774.2604617606
7823,590196.9246031746
7825,850647.3214285714
7828,1108298.2683982684
7829,573382.4404761904
7831,547541.6666666666
7834,870304.5454545453
7835,720664.3578643579
7840,795656.1507936509
7842,294906.6666666667
7846,1432280.9523809522
7850,1149962.4999999998
7851,645977.6785714286
7856,665750.0
7865,1039325.0
7871,712760.7142857143
7886,1148912.5
7891,1139404.5454545459
7893,1274700.0
7895,834862.5
7898,1220570.4365079363
7902,787144.5741758242
7907,296213.3333333333
7909,828500.0
7915,1111266.6666666667
7916,813309.5238095238
7917,821700.0
7929,385456.78571428574
7931,226133.33333333337
7937,691530.6818181819
7938,725116.369047619
7940,750400.0
7941,722232.1428571428
7945,580827.6785714286
7946,801270.8333333335
7955,795656.1507936509
7956,1042000.0
7960,518904.66269841266
7961,1126754.761904762
7962,725116.369047619
7967,882780.1767676766
7968,833194.9134199134
7978,816424.5490620492
7979,109887.5
7987,765195.2380952381
7991,274543.2738095238
8000,1606083.333333333
8004,611545.2290764789
8006,1124438.988095238
8007,664094.0982628483
8011,809996.4285714285
8014,868712.5
8029,969156.349206349
8036,1068233.7301587302
8037,473279.7619047619
8042,974885.6608669109
8043,725750.0
8047,721203.5714285715
8053,1212187.4999999998
8057,594047.9166666665
8065,980058.9285714285
8068,1115250.0
8075,797082.7380952382
8078,3370650.0
8093,512196.13095238106
8094,902002.9761904762
8097,1347422.7272727273
8103,988196.9155844152
8107,881425.4058441558
8110,230000.0
8115,746678.4541847041
8119,995850.0
8120,786103.4722222222
8122,864590.6926406925
8132,898333.9348151853
8134,742999.9999999999
8136,623688.9880952381
8148,749750.0
8163,980058.9285714285
8165,1139404.5454545459
8177,633027.2435897436
8182,894845.734126984
8185,590196.9246031746
8192,602495.8333333334
8199,1085354.5454545454
8200,711586.3095238096
8208,594047.9166666665
8213,867522.9166666667
8216,750500.0
8222,1152647.8174603174
8223,168639.28571428568
8234,1335000.0
8243,258525.0
8251,1622583.333333333
8254,381292.5
8256,1104213.4920634923
8259,1277566.666666667
8267,867522.9166666667
8271,947913.392857143
8272,1104213.4920634923
8273,590196.9246031746
8274,514750.0
8279,969694.8412698412
8283,1173266.9642857146
8284,1278000.0
8285,109887.5
8302,1006745.2380952382
8304,889676.7857142857
8306,1131088.0952380951
8309,1069260.3174603174
8315,258525.0
8317,607948.908730159
8327,907617.8571428572
8345,1038596.3293650793
8352,489239.2857142857
8360,920094.7420634921
8362,1518461.9047619049
8363,740397.9166666665
8365,489489.2857142857
8367,668755.9523809524
8369,367032.14285714284
8370,528895.8333333334
8371,283279.99999999994
8373,674917.8571428572
8374,646295.8333333334
8378,653137.5
8384,343312.77777777775
8387,674218.9303751806
8390,593899.531024531
8394,547541.6666666666
8395,801270.8333333335
8396,1117875.0
8400,1144688.8888888888
8401,713597.0238095238
8402,964718.4523809524
8405,852333.8217338216
8407,553231.4484126982
8411,948469.3452380954
8413,871996.6991341993
8419,1217000.0
8420,627179.1666666666
8425,578495.8333333333
8428,259890.00000000003
8431,705355.0595238096
8442,611373.9087301588
8448,931712.5
8449,425500.0
8455,321070.0
8458,1237500.0
8467,742100.0
8468,425750.0
8478,824770.8333333335
8479,949363.8888888888
8483,859416.6666666667
8485,644989.7095959594
8490,695625.0
8496,425500.0
8498,988196.9155844152
8500,607948.908730159
8504,763993.2539682541
8505,624873.6111111112
8510,1175500.0
8520,810773.8095238096
8522,489239.2857142857
8533,740420.8333333335
8540,1810000.0
8547,897000.0
8560,366332.14285714284
8569,667904.7619047619
8580,675954.861111111
8583,1228555.5555555555
8591,722141.6666666665
8594,454166.36904761905
8598,1093828.1746031747
8603,1385000.0
8611,593899.531024531
8617,1542400.0
8622,991191.6666666665
8624,834000.0
8635,259890.00000000003
8636,601424.8015873017
8637,898333.9348151853
8642,950291.6666666665
8643,514136.59673659666
8644,991191.6666666665
8648,945208.3333333333
8662,273283.3333333334
8670,1260946.4285714286
8672,722866.6666666665
8675,827091.9642857143
8676,1021400.0000000003
8677,494572.222222222
8689,780522.7453102453
8690,509333.3333333334
8691,570977.2727272727
8698,551545.1839826839
8702,823187.5
8703,931254.1666666665
8705,81774.99999999999
8712,586928.3008658009
8716,897000.0
8717,742999.9999999999
8718,535625.0000000001
8719,990990.8189033191
8721,426500.0
8724,489239.2857142857
8731,737937.5
8736,593899.531024531
8746,283279.99999999994
8749,769428.5714285714
8756,722866.6666666665
8757,922498.8095238094
8761,366124.99999999994
8762,1335358.3333333335
8763,954539.8809523811
8772,1104213.4920634923
8773,253656.6666666667
8774,674207.7380952382
8780,501712.5
8781,1112500.0
8783,585901.986901987
8784,675954.861111111
8786,889169.0476190475
8792,621500.0
8793,876172.619047619
8799,366124.99999999994
8800,264745.8333333333
8809,724608.234126984
8814,485472.8463733977
8816,283279.99999999994
8824,1222000.0
8826,723200.2976190476
8829,623250.0
8832,298522.3611111111
8834,716230.5555555555
8835,721203.5714285715
8837,865782.1428571428
8844,551545.1839826839
8846,640475.5952380953
8851,1124438.988095238
8859,992020.8333333333
8861,600000.0
8862,717158.5317460318
8865,407412.20238095237
8868,674207.7380952382
8871,909472.3214285714
8873,779111.3095238096
8884,463803.86904761894
8892,366024.99999999994
8898,256800.0
8902,464116.36904761894
8906,596865.873015873
8908,907478.5714285715
8909,425000.0
8913,717158.5317460318
8915,1745580.9523809522
8916,737937.5
8917,886716.6666666667
8922,1003250.0
8925,607948.908730159
8930,729430.3571428572
8934,776943.2539682541
8938,367032.14285714284
8940,1082876.5963203462
8949,648650.0
8951,1170200.0
8953,259890.00000000003
8958,668755.9523809524
8962,525683.3333333334
8973,750093.7500000001
8976,740420.8333333335
8982,940164.5833333335
8986,672934.5238095239
8987,759291.6666666665
8989,780996.4285714285
8991,477250.0
8993,161392.38095238095
9001,644031.25
9009,742999.9999999999
9015,1028496.4285714285
9016,817833.3333333335
9020,326081.11111111107
9023,1130075.8928571427
9024,1173866.6666666665
9027,593899.531024531
9028,502566.6666666666
9033,842312.2023809522
9038,627250.0
9042,838412.5
9048,834862.5
9055,646516.2337662338
9062,550000.0
9068,834862.5
9069,326081.11111111107
9070,555416.6666666666
9072,767083.3333333333
9073,586750.0
9075,419900.0
9076,573415.367965368
9077,554520.8333333334
9079,596656.2499999999
9080,623833.3333333334
9082,746882.7380952382
9089,754333.3333333335
9100,882780.1767676766
9101,717158.5317460318
9108,593989.2857142857
9113,724203.2738095239
9117,875766.6666666665
9126,1268291.6666666667
9132,485472.8463733977
9135,553231.4484126982
9137,894845.734126984
9141,553231.4484126982
9148,708847.6190476189
9153,683461.0389610389
9159,859531.5476190476
9170,779693.2539682541
9172,188553.57142857142
9173,593899.531024531
9176,772908.3333333333
9192,264745.8333333333
9194,1078348.214285714
9200,160550.0
9210,332584.4444444444
9225,161392.38095238095
9231,956688.0952380953
9233,177850.0
9237,1069260.3174603174
9239,633658.3333333334
9242,940164.5833333335
9247,1287000.0
9248,907916.9642857143
9253,978928.5714285714
9277,485472.8463733977
9281,695875.0
9283,532333.3333333334
9293,674917.8571428572
9297,321070.0
9298,708847.6190476189
9304,255300.0
9306,765195.2380952381
9309,561958.3333333333
9337,724546.4285714285
9341,712760.7142857143
9343,651926.857864358
9346,651926.857864358
9347,716230.5555555555
9351,572491.6666666665
9352,940290.6746031748
9359,367032.14285714284
9365,913814.2857142857
9367,964718.4523809524
9368,513748.2142857143
9371,675954.861111111
9374,425500.0
9377,665400.0
9383,1033525.0
9385,807581.8452380953
9398,648762.5541125541
9401,640475.5952380953
9405,808083.3333333335
9411,432465.97222222236
9412,739937.8968253969
9419,695875.0
9424,215941.66666666663
9430,799262.2023809524
9431,797916.6666666667
9437,475454.1666666668
9439,713107.1428571428
9441,981895.8333333333
9442,648733.3333333333
9453,573498.0158730159
9457,518923.80952380964
9460,324350.0
9465,743683.3333333333
9483,433809.5238095238
9484,425122.02380952373
9489,939116.6666666665
9491,954539.8809523811
9504,478260.1370851371
9506,630067.2619047619
9508,501712.5
9513,968062.5
9517,590083.2334332332
9520,742122.619047619
9522,723200.2976190476
9533,1100000.0
9542,1255500.0
9543,326500.0
9548,560958.3333333333
9550,381750.0
9560,413750.0
9563,614790.4761904762
9581,622125.0
9582,301750.0
9585,400642.85714285716
9589,760971.0317460318
9590,491500.0
9593,852333.8217338216
9604,950355.9523809524
9611,736160.119047619
9613,740420.8333333335
9619,477116.66666666674
9633,211700.0
9638,369579.1666666666
9646,326500.0
9654,560958.3333333333
9656,545027.4621212122
9663,763040.7738095238
9671,996508.3333333333
9674,654300.0000000001
9675,657097.8174603174
9676,348066.66666666674
9677,626125.0
9679,629379.1666666666
9694,122800.0
9698,222400.0
9704,517261.9047619048
9707,548295.8333333333
9710,757303.869047619
9711,950291.6666666665
9713,810717.2619047621
9718,573498.0158730159
9723,448321.4285714285
9737,811943.4523809525
9738,825304.6176046175
9739,553320.8333333333
9741,539555.357142857
9755,619923.5119047619
9758,215941.66666666663
9766,759433.3333333333
9774,842191.6666666665
9779,519094.94047619053
9781,680490.4761904761
9787,688166.9143356644
9790,519505.6818181819
9800,584683.1980519482
9801,499800.0
9808,548295.8333333333
9811,950500.0
9813,722866.6666666665
9814,566635.6678044178
9821,774066.6666666667
9825,381750.0
9828,774066.6666666667
9833,398000.0
9838,657097.8174603174
9839,467229.16666666674
9840,539555.357142857
9849,722866.6666666665
9850,763040.7738095238
9857,385466.66666666674
9860,883189.2857142859
9861,979125.0
9864,507392.85714285716
9865,1152512.5
9866,519094.94047619053
9868,587898.9087301588
9872,782985.7142857143
9880,437979.16666666674
9882,674017.8571428572
9888,490908.33333333326
9891,534108.9285714286
9900,510100.0
9901,482266.6666666666
9904,584683.1980519482
9905,471851.19047619053
9907,400642.85714285716
9911,257637.5
9917,431440.97222222236
9918,825662.5
9919,622782.3412698413
9921,728245.2380952382
9928,587898.9087301588
9935,697641.6666666665
9938,542354.1666666667
9946,1093608.3333333333
9947,431440.97222222236
9959,543849.4047619047
9963,40200.0
9970,550349.4678932179
9972,471750.0
9975,600723.4848484849
9992,905458.3333333335
9993,557193.3531746032
9995,983569.8322510822
10005,485516.66666666657
10017,637260.7142857144
10019,602194.4444444445
10023,383000.0
10024,449600.0
10030,993200.0
10031,503250.0
10033,651280.5555555555
10034,474250.0
10039,478416.66666666674
10043,505412.5
10051,807982.1428571428
10072,543849.4047619047
10080,475454.1666666668
10084,612796.2301587302
10087,374300.0
10101,612796.2301587302
10102,750468.75
10105,497077.0833333334
10109,476650.00000000006
10110,570750.0000000001
10113,546583.3333333334
10116,522782.14285714284
10125,434750.0
10134,639612.5
10141,756421.7261904762
10142,801270.8333333335
10147,573250.0
10149,407645.43650793657
10152,553404.1666666667
10156,421479.1666666666
10162,573498.0158730159
10164,541295.6349206348
10165,501712.5
10178,688166.9143356644
10179,182858.33333333337
10181,779111.3095238096
10185,561304.1666666666
10186,545608.3333333333
10187,817882.142857143
10195,578879.1666666666
10205,452000.0
10208,825304.6176046175
10214,91946.66666666666
10216,460816.66666666674
10222,448750.0
10226,400000.0
10229,691530.6818181819
10240,553404.1666666667
10242,654270.8333333335
10245,759767.2619047618
10249,926500.0
10262,587250.0
10266,550349.4678932179
10267,1015229.1666666667
10269,126672.8571428571
10275,779693.2539682541
10282,503441.66666666674
10287,80975.0
10288,601500.0
10303,545027.4621212122
10308,810717.2619047621
10322,496340.37698412704
10323,449650.0
10326,731391.0714285714
10329,702705.6547619047
10344,562750.0
10348,469979.16666666674
10349,498000.0
10350,568803.5714285714
10353,772867.8571428572
10356,385466.66666666674
10362,433505.9523809523
10375,140100.0
10388,386866.66666666674
10389,779111.3095238096
10390,700001.1904761903
10391,541287.5
10392,556375.0
10397,589000.0000000001
10411,808083.3333333335
10418,140100.0
10423,343183.33333333326
10434,455000.0
10437,422441.25874125876
10449,63550.0
10453,882691.6666666667
10457,428120.4365079364
10460,112866.66666666669
10462,59300.0
10463,398000.0
10468,503233.33333333343
10469,477533.33333333326
10478,325000.0
10483,349812.5
10486,452137.49999999994
10487,602250.0
10489,476043.4523809525
10494,435202.57936507935
10498,550000.0
10505,462026.1904761905
10515,581800.9920634921
10516,587898.9087301588
10518,674312.5
10521,612404.1666666666
10523,591154.1666666666
10527,1180979.1666666667
10533,768191.6666666667
10539,589000.0000000001
10541,422683.33333333326
10544,497170.53571428574
10545,535287.5
10551,448000.0
10555,496708.3333333334
10557,462502.7777777777
10558,545204.1666666667
10573,779614.5833333335
10584,116225.0
10591,324750.0
10595,703937.5
10608,449650.0
10613,558037.5
10616,500012.5
10617,962750.0
10621,546250.0
10623,642788.888888889
10629,349812.5
10632,553320.8333333333
10641,566883.8293650793
10644,870407.1428571428
10645,402622.6190476191
10658,757666.6666666667
10659,647233.3333333333
10663,454729.16666666674
10665,448000.0
10683,539555.357142857
10693,384596.13095238106
10695,494750.0
10697,411000.0
10706,561643.75
10707,825662.5
10714,757475.0
10715,477926.7857142857
10725,410383.9285714286
10727,425500.0
10729,112866.66666666669
10733,624873.6111111112
10745,467883.3333333334
10752,498262.5
10755,756421.7261904762
10757,494350.79365079367
10759,384060.51968864485
10764,550349.4678932179
10772,632885.4166666667
10781,454729.16666666674
10783,766139.5833333333
10785,338835.83333333326
10789,448000.0
10791,160700.0
10792,375000.0
10797,840458.3333333333
10801,499984.2261904762
10806,173600.0
10808,570314.0873015872
10811,251850.00000000003
10813,384596.13095238106
10817,641035.7142857143
10821,474500.0
10823,395000.0
10829,750468.75
10840,451984.5238095238
10843,705206.25
10847,188256.6666666667
10855,844421.626984127
10857,889676.7857142857
10861,350500.0
10865,651280.5555555555
10866,300250.0
10869,360150.0
10875,358442.2619047619
10881,422683.33333333326
10883,325000.0
10884,472374.2063492064
10888,403833.33333333326
10892,570240.1785714286
10894,674437.5
10895,685454.166666667
10901,642047.8625541124
10902,565162.5000000001
10905,577291.6666666667
10911,448613.0952380952
10915,560089.2857142858
10918,550000.0
10919,425500.0
10926,475250.0
10927,561462.4750249749
10930,772867.8571428572
10932,350500.0
10935,343154.16666666674
10937,438858.5393772894
10938,384060.51968864485
10945,417347.6190476191
10946,420003.75874125876
10947,651280.5555555555
10948,722645.8333333333
10949,441000.0
10952,1107500.0
10954,57400.0
10959,499984.2261904762
10976,504191.66666666674
10977,716250.0
10980,574991.6666666667
10981,381250.0
10984,222166.6666666667
10993,299800.0
11005,462502.7777777777
11011,503475.0
11023,545608.3333333333
11037,721937.5
11038,375000.0
11039,296050.0
11041,452611.1111111111
11044,398500.0
11049,341950.0
11051,353532.3809523809
11059,447666.6666666666
11071,632137.5
11073,407841.0714285714
11083,368775.0
11084,759291.6666666665
11086,594750.0
11091,949385.4166666669
11092,493343.45238095237
11093,392250.0
11097,503233.33333333343
11110,447666.6666666666
11115,499984.2261904762
11117,578879.1666666666
11120,448750.0
11121,482750.0
11123,647233.3333333333
11124,684966.6666666667
11127,449600.0
11137,349812.5
11145,433154.7931235432
11146,1255200.0
11152,489237.5
11154,804966.6666666667
11155,522750.0
11156,597612.4999999999
11157,583791.6666666666
11158,264066.6666666667
11161,469647.02380952373
11167,609775.5952380953
11169,637260.7142857144
11170,678144.6428571428
11171,300250.0
11173,468535.7142857143
11177,377250.0
11183,300250.0
11190,889676.7857142857
11191,499844.64285714284
11200,279100.0
11205,468535.7142857143
11211,670458.3333333333
11230,454250.0
11232,443516.66666666674
11233,432465.97222222236
11236,588125.0
11237,647083.630952381
11244,118126.66666666666
11259,570881.7460317462
11261,495404.1666666666
11265,497170.53571428574
11272,415318.45238095237
11278,450541.66666666674
11283,260600.0
11284,559416.6666666667
11292,652608.9008214008
11294,385781.66666666674
11305,483250.0
11307,513315.9722222223
11311,417140.4761904762
11314,503172.2222222223
11320,325000.0
11321,374900.0
11323,475798.2142857141
11337,386875.0
11343,470000.0
11345,483312.5
11347,702929.1666666665
11356,422441.25874125876
11363,375000.0
11375,300487.1428571429
11377,302280.9523809524
11382,602250.0
11383,684116.6666666667
11385,450646.4285714286
11386,400894.0476190477
11391,546250.0
11399,493286.30952380947
11400,362425.0
11405,603938.0952380953
11407,533167.857142857
11408,253133.3333333333
11410,119000.0
11412,375000.0
11416,783232.1428571428
11419,420669.64285714284
11422,576878.481240981
11423,161033.3333333333
11425,389805.95238095237
11427,764683.3333333333
11432,352687.79761904763
11434,620275.0
11436,270347.8787878788
11440,311262.5
11442,379291.66666666674
11452,600250.0
11453,926500.0
11458,395512.5
11463,161033.3333333333
11464,1082876.5963203462
11471,370220.83333333326
11481,500912.50000000006
11507,270347.8787878788
11510,772867.8571428572
11511,588237.1031746031
11514,324453.74999999994
11515,620738.8888888888
11516,537117.8571428573
11517,423708.33333333326
11519,630577.7777777779
11525,469647.02380952373
11526,463979.16666666674
11533,791638.3928571428
11534,425699.40476190485
11539,613293.5606060607
11540,343858.3333333334
11545,405763.19444444455
11546,477926.7857142857
11547,774662.5
11551,224448.92857142858
11554,461500.0
11555,297797.9256854257
11561,48100.0
11567,576819.4444444445
11575,368218.45238095237
11578,349500.0
11580,352150.0
11584,309400.0
11590,385781.66666666674
11593,443527.08333333326
11595,327029.1666666667
11598,349500.0
11599,653808.3333333334
11601,97218.33333333334
11610,542814.2857142858
11612,602250.0
11617,150966.6666666667
11620,423708.33333333326
11625,518923.80952380964
11626,897049.9999999999
11628,345940.0
11633,404945.8333333334
11636,303462.5
11639,428120.4365079364
11651,112300.0
11666,630067.2619047619
11669,384060.51968864485
11673,296621.6666666667
11675,452750.0
11676,504688.29365079367
11684,548923.2142857143
11685,783232.1428571428
11689,340562.5000000002
11694,540092.1626984128
11695,404024.99999999994
11711,361129.4642857143
11716,550937.1031746031
11718,287013.6904761905
11720,504688.29365079367
11722,501250.0
11731,376357.14285714284
11738,480781.54761904746
11744,373000.0
11745,402567.26190476195
11751,509966.66666666674
11753,374900.0
11760,547866.6666666666
11763,295843.3333333333
11764,749436.9047619046
11770,552833.3333333333
11776,379291.66666666674
11800,443527.08333333326
11801,91166.66666666669
11804,401442.85714285716
11808,503475.0
11820,630577.7777777779
11824,423708.33333333326
11825,800708.3333333333
11831,388857.14285714284
11840,324453.74999999994
11841,558037.5
11854,550937.1031746031
11857,672437.5
11863,433505.9523809523
11864,761025.0
11869,310732.50000000006
11871,716833.3333333333
11883,493595.8333333334
11884,493286.30952380947
11890,375000.0
11894,541287.5
11895,414658.3333333334
11899,360983.33333333326
11905,487252.9761904762
11911,269950.8333333334
11917,345150.0
11920,510350.0
11921,962155.9523809525
11926,158056.66666666666
11928,899875.0
11929,790333.3333333333
11930,718479.1666666665
11935,435216.0714285715
11939,787354.1666666667
11942,406233.9285714286
11948,339036.3095238095
11949,268791.6666666667
11957,431827.6785714286
11961,468480.35714285716
11962,300408.3333333333
11963,435216.0714285715
11966,473116.66666666674
11970,384060.51968864485
11971,241700.0
11975,622782.3412698413
11981,581800.9920634921
11985,395000.0
11991,557075.0
11992,628562.5
12004,242900.0
12005,480781.54761904746
12006,503172.2222222223
12012,550937.1031746031
12017,542814.2857142858
12018,29200.0
12019,426000.0
12022,637260.7142857144
12025,339325.0
12031,327029.1666666667
12034,596602.7777777779
12037,527673.8095238095
12039,620738.8888888888
12050,445022.61904761905
12060,507353.2738095239
12061,450683.1349206349
12067,358562.6984126983
12081,375883.0357142857
12097,359258.33333333326
12099,852088.3928571428
12100,360983.33333333326
12102,178000.0
12103,510350.0
12107,570881.7460317462
12116,377250.0
12125,343858.3333333334
12126,745660.7142857143
12147,436890.4761904762
12158,374900.0
12165,437875.79365079367
12169,632281.0606060607
12171,270347.8787878788
12172,435216.0714285715
12181,199800.0
12186,437408.3333333334
12187,435216.0714285715
12189,709666.6666666667
12191,491581.5476190475
12193,525571.4285714286
12195,630577.7777777779
12199,518307.73809523805
12202,772867.8571428572
12203,425699.40476190485
12212,380387.49999999994
12219,502900.0
12221,519853.1746031746
12223,334208.3333333333
12228,377750.0
12237,808083.3333333335
12238,302280.9523809524
12245,459711.90476190485
12246,329530.0
12254,345350.0
12257,684116.6666666667
12264,524455.3571428572
12270,575000.0
12281,375000.0
12283,178223.3333333333
12293,450300.0
12304,473906.25
12308,378458.3333333334
12317,276801.90476190473
12318,380859.52380952373
12320,264030.0
12322,776812.5
12323,402650.0
12329,480781.54761904746
12330,375883.0357142857
12339,489866.66666666674
12340,351740.0
12341,359500.0
12346,420450.89285714284
12352,603004.1666666666
12353,316691.66666666674
12359,545204.1666666667
12360,293217.69841269846
12363,437687.5
12365,350894.9494949495
12366,334550.0
12369,577514.880952381
12371,201086.6666666667
12379,308336.36904761905
12394,687252.9761904761
12414,376616.6666666666
12415,431827.6785714286
12417,747237.5
12419,319316.6666666667
12420,278304.1666666666
12424,260763.3333333333
12425,215350.0
12431,243470.35714285713
12439,576537.5
12489,433505.9523809523
12490,842191.6666666665
12492,765083.3333333333
12500,578042.857142857
12505,763062.5
12506,242990.9523809524
12516,285800.0
12519,469516.66666666674
12521,338835.83333333326
12523,301016.6666666667
12525,402517.2619047619
12529,319850.0
12531,427091.6666666666
12541,335315.8333333333
12545,938074.9999999999
12549,250150.0
12559,429191.6666666666
12560,652608.9008214008
12561,361183.33333333326
12566,542892.4963924964
12575,430629.1666666666
12578,472645.8333333334
12588,231686.42857142858
12589,250471.6666666667
12595,271716.6666666667
12599,386212.5
12604,124200.0
12611,224313.41269841272
12614,301150.0
12615,417023.3676046177
12623,301950.0
12625,106700.0
12629,328783.3333333333
12631,456644.3452380953
12633,348812.5
12638,378625.0
12639,635142.8571428572
12642,277950.0
12645,271716.6666666667
12648,360280.95238095237
12655,504688.29365079367
12656,375883.0357142857
12660,347500.0
12662,294250.0
12674,243470.35714285713
12676,391263.6904761905
12681,608062.5
12691,588237.1031746031
12695,399104.16666666674
12697,269700.00000000006
12708,298800.0
12710,576819.4444444445
12717,106700.0
12720,291190.8333333334
12722,466812.5
12739,201086.6666666667
12743,445337.5
12746,348812.5
12756,120900.0
12759,399000.0
12761,198220.0
12762,338125.0
12763,281525.0
12764,379875.0
12784,336150.0
12786,461500.0
12787,342022.9166666666
12794,299511.286075036
12801,421804.76190476195
12807,265303.1746031746
12808,382600.0
12814,471845.00000000006
12815,635142.8571428572
12826,152121.6666666667
12829,281471.58730158734
12834,382975.00000000006
12837,319400.0
12839,450116.0714285714
12843,469437.49999999994
12848,472374.2063492064
12849,320700.0
12860,401287.5
12864,424365.4761904761
12868,510209.5238095238
12875,537404.7619047619
12880,425699.40476190485
12885,259530.0
12886,472374.2063492064
12892,434875.0
12904,328833.3333333333
12907,169400.0
12911,301950.0
12920,301016.6666666667
12922,357343.8095238095
12928,588038.392857143
12935,456644.3452380953
12936,301100.0
12937,308336.36904761905
12938,684116.6666666667
12939,442220.8333333334
12940,475255.9523809523
12946,357125.0
12950,531516.6666666667
12953,600712.4999999999
12970,124200.0
12979,107500.0
12988,252279.91702741705
12991,406958.33333333326
12996,273572.5
12997,264030.0
13012,601436.1111111111
13013,463198.5119047619
13016,268891.22127872135
13033,397883.3333333334
13043,264866.6666666666
13051,466812.5
13056,415350.0
13060,594594.4715007214
13061,315627.97619047615
13064,517369.04761904763
13069,413300.0
13075,223813.41269841272
13077,776812.5
13080,268400.0
13084,344450.0
13086,280160.0
13091,463036.1111111111
13092,752258.3333333333
13096,276344.99999999994
13103,361912.50000000006
13123,172700.0
13125,198700.0
13133,265326.6666666667
13136,391901.1904761905
13139,462975.0
13140,151000.0
13145,652608.9008214008
13146,385237.6172438673
13148,689108.3333333333
13152,366034.2063492063
13160,335315.8333333333
13173,420333.3333333334
13174,465343.2539682539
13183,174100.0
13187,304820.23809523805
13192,120500.0
13193,459784.3253968256
13197,560914.880952381
13201,234550.0
13216,283354.5238095238
13219,319316.6666666667
13220,437420.83333333326
13227,527673.8095238095
13230,318650.0
13237,356625.0
13238,72200.0
13241,172700.0
13244,516271.43759018776
13245,197800.0
13259,184240.0
13265,263969.76190476195
13271,279472.5
13274,348812.5
13282,549983.3333333334
13284,252475.0
13287,331761.60714285716
13293,240570.6746031746
13295,533033.3333333333
13296,402650.0
13299,119900.0
13300,249600.0
13301,388181.1688311688
13305,501291.66666666674
13308,628562.5
13313,334900.0
13320,191921.6666666667
13324,312175.0
13333,470418.253968254
13334,252435.0
13339,408458.33333333326
13343,382975.00000000006
13346,359891.6666666666
13351,357683.3333333334
13365,431827.6785714286
13368,567302.5793650794
13373,397379.16666666674
13378,140800.0
13379,387462.5
13386,420450.89285714284
13387,457500.0
13396,435216.0714285715
13398,689108.3333333333
13401,347500.0
13402,399104.16666666674
13406,203900.0
13407,366034.2063492063
13418,438367.36111111107
13425,337168.5714285714
13438,463036.1111111111
13442,238500.0
13443,185525.0
13444,258400.0
13449,356969.3542568542
13453,310318.23870573874
13458,422169.1666666666
13469,443527.08333333326
13472,153650.0
13484,737125.0
13501,459784.3253968256
13502,120505.0
13503,299328.51190476195
13504,347683.3333333334
13508,303950.0
13509,526250.0
13519,349350.0
13520,510209.5238095238
13521,401960.3968253968
13522,576878.481240981
13527,335315.8333333333
13530,450646.4285714286
13532,340183.33333333326
13536,475255.9523809523
13538,469437.49999999994
13543,458333.33333333326
13548,362062.5
13549,426522.0238095238
13551,540035.7142857142
13556,446172.61904761905
13560,360950.00000000006
13561,240570.6746031746
13566,601436.1111111111
13576,424621.4285714285
13577,434475.0
13583,392096.30952380964
13590,270654.04761904763
13592,299486.6666666666
13594,446125.0
13596,488389.88095238083
13598,336275.5952380952
13601,283354.5238095238
13607,220600.0
13608,640250.0
13611,329587.5
13618,269680.0
13620,509966.66666666674
13622,419590.1785714285
13624,236016.19047619044
13631,81400.0
13637,278433.3333333333
13655,281050.0
13664,279472.5
13666,647083.630952381
13667,276801.90476190473
13684,443527.08333333326
13697,370830.8531746032
13702,375775.0
13704,192058.33333333337
13715,519853.1746031746
13717,288382.0238095238
13721,410483.3333333334
13723,401766.6666666666
13725,328177.50000000006
13729,200400.0
13732,279872.5
13739,389655.41666666674
13740,399502.5
13746,168875.0
13748,280108.80952380947
13756,273501.9047619047
13761,161200.0
13764,246866.66666666663
13765,406210.0
13768,182900.0
13772,294171.6666666667
13785,240570.6746031746
13786,153800.0
13788,426750.0
13804,350566.66666666657
13806,388181.1688311688
13808,270654.04761904763
13810,514947.6190476191
13820,348923.33333333326
13822,331984.82142857154
13826,422169.1666666666
13831,252328.3333333333
13832,387625.0
13836,459784.3253968256
13844,270974.99999999994
13849,262676.4285714286
13852,216233.3333333333
13860,328886.3095238095
13869,184866.66666666663
13870,470418.253968254
13872,309638.57142857136
13878,542533.9285714285
13882,201549.99999999997
13890,276166.6666666667
13891,270087.2023809524
13894,223741.66666666672
13898,238091.66666666663
13903,184746.6666666667
13908,193066.6666666667
13911,163367.61904761905
13913,231400.0
13914,517369.04761904763
13915,374848.3333333334
13916,201433.33333333337
13929,370000.0
13935,313940.00999001
13941,380404.1666666666
13944,238016.66666666663
13945,258886.66666666663
13952,335315.8333333333
13953,220660.0
13960,165650.0
13961,177800.0
13973,444887.49999999994
13974,499441.6666666666
13976,306575.0
13977,350302.5
13981,356525.0
13992,289305.0
13993,128300.0
13994,540113.0952380953
14005,328844.04761904763
14012,428937.49999999994
14015,242400.0
14017,262676.4285714286
14020,299674.5238095238
14022,257670.0
14025,382213.0952380951
14037,481462.5
14050,315303.3333333333
14064,271200.0
14065,164646.66666666666
14076,181366.6666666667
14077,241025.0
14078,197300.0
14081,239350.0
14088,318260.00000000006
14100,223020.0
14101,192100.0
14104,539309.5238095239
14115,340917.5
14129,440987.50000000006
14130,164700.0
14136,460707.73809523805
14144,514947.6190476191
14153,239400.0
14156,336757.14285714284
14165,181200.0
14168,206700.0
14169,218846.66666666663
14170,50100.0
14174,245550.47619047618
14180,423527.6785714285
14185,334835.81349206355
14186,259660.99206349204
14196,130600.0
14198,177800.0
14211,469437.49999999994
14223,282155.4761904762
14227,323881.4285714285
14231,223741.66666666672
14235,335000.0
14256,357636.0209235209
14257,171500.0
14261,259795.55555555553
14263,311417.02380952385
14264,224786.66666666663
14268,171974.2857142857
14282,434475.0
14286,158900.0
14300,454318.253968254
14304,295350.0
14305,266568.75
14311,265600.0
14313,439554.46428571426
14316,341884.52380952373
14317,644650.0
14329,252935.55555555556
14330,145210.0
14332,141385.0
14336,256452.85714285713
14338,183366.66666666663
14339,203191.42857142858
14348,221937.1428571429
14351,289439.4047619048
14353,201549.99999999997
14355,201906.66666666663
14362,255348.33333333337
14365,178600.0
14366,148600.0
14367,209600.0
14377,99800.0
14378,150200.0
14379,265915.83333333326
14380,261806.25
14396,198992.97619047618
14398,240163.33333333328
14400,380833.3333333334
14401,190280.0
14406,264100.0
14414,220660.0
14420,342247.5
14428,171600.0
14429,189121.30952380953
14432,340670.8333333334
14434,151100.0
14440,238091.66666666663
14441,464983.3333333334
14446,311050.0
14454,212121.42857142858
14455,142550.0
14466,256733.33333333337
14469,166725.71428571426
14472,179913.33333333337
14473,308633.15476190473
14486,53000.0
14488,455150.0
14489,360971.9841269841
14490,144350.0
14499,187021.42857142858
14508,241808.33333333337
14535,230038.09523809524
14539,301955.7142857143
14541,250341.6666666667
14547,280160.0
14556,186461.42857142858
14559,264100.0
14561,271200.0
14563,301955.7142857143
14564,247706.66666666663
14565,229625.0
14571,276166.6666666667
14574,283683.3333333333
14576,249850.0
14581,187975.0
14584,257860.8333333333
14599,349148.8095238095
14606,170988.33333333337
14607,191033.33333333337
14611,171797.14285714287
14621,262250.0
14625,249700.0
14626,269310.0
14631,161850.0
14635,149569.04761904763
14636,34400.0
14639,389655.41666666674
14649,218800.0
14650,191758.3333333333
14655,383257.0238095238
14658,259488.33333333328
14659,164500.0
14669,282764.1666666666
14671,276166.6666666667
14681,278600.0
14684,218350.0
14685,192558.3333333333
14686,176467.14285714284
14689,137530.0
14690,200289.2857142857
14692,260600.0
14693,258886.66666666663
14694,191075.0
14700,435970.83333333326
14703,188108.33333333337
14714,161850.0
14734,209700.0
14737,311417.02380952385
14740,176218.3333333333
14742,157625.0
14744,73300.0
14745,221100.0
14750,237900.0
14757,162100.0
14758,330392.5
14761,176467.14285714284
14762,382616.6666666666
14771,229420.0
14778,257860.8333333333
14784,166800.0
14786,290661.6666666667
14802,176245.0
14805,239710.0
14812,299383.3333333334
14819,203196.42857142858
14820,382213.0952380951
14826,118700.0
14827,327329.16666666674
14835,30100.0
14843,132505.71428571426
14848,179508.09523809527
14858,174200.0
14861,160650.0
14862,195505.0
14863,182350.0
14867,142187.38095238098
14869,253475.0
14874,102033.33333333331
14881,171538.09523809524
14882,229408.33333333337
14900,171500.0
14906,350566.66666666657
14908,175300.0
14917,209773.33333333337
14920,254732.22222222225
14927,244000.0
14930,22100.0
14935,249356.66666666663
14939,407153.33333333326
14944,169175.0
14945,190760.0
14950,201433.33333333337
14954,220379.0277777778
14967,201858.33333333337
14968,191758.3333333333
14969,150215.0
14979,132430.0
14987,278124.9512987013
14996,186461.42857142858
14999,176856.6666666667
15009,158881.66666666666
15021,29000.0
15022,300160.55555555556
15024,262691.6666666666
15028,158666.66666666666
15032,132939.0476190476
15036,262250.0
15040,208925.83333333337
15041,353746.6666666666
15052,121550.0
15053,181483.33333333337
15055,195100.0
15070,179616.66666666663
15072,244401.66666666663
15073,220432.5
15076,225498.3333333333
15078,164700.0
15080,233759.16666666663
15081,120650.0
15091,107200.0
15095,163867.61904761905
15105,192146.6666666667
15112,170043.33333333337
15117,173358.57142857142
15122,68000.0
15127,194155.9523809524
15133,201433.33333333337
15135,171797.14285714287
15139,142300.0
15142,185995.00000000003
15147,154300.0
15151,323281.4285714285
15152,216646.42857142858
15159,286523.09523809527
15164,238347.61904761902
15169,116300.0
15174,135700.0
15175,184203.33333333337
15180,212200.0
15183,379758.3333333334
15191,265326.6666666667
15193,14500.0
15195,170988.33333333337
15197,156380.0
15199,154300.0
15201,482058.33333333326
15207,325127.09706959705
15209,166341.66666666663
15213,257860.8333333333
15215,123872.0238095238
15221,127915.0
15225,116000.0
15234,129850.0
15246,220379.0277777778
15249,200783.3333333333
15250,179616.66666666663
15264,174792.61904761905
15267,83300.0
15275,136368.3333333333
15277,150712.85714285716
15282,166341.66666666663
15286,160650.0
15290,121325.00000000001
15292,210025.83333333337
15293,98800.0
15306,146743.3333333333
15310,181483.33333333337
15333,237122.5
15334,270820.0
15339,331461.6666666667
15353,284273.0952380952
15356,110900.0
15357,219855.0
15360,115700.0
15371,360971.9841269841
15378,188293.80952380953
15386,176245.0
15387,217200.0
15389,182593.33333333337
15392,262939.5833333334
15393,177310.71428571426
15396,362670.0
15401,166020.00000000003
15422,233250.0
15431,229693.25396825396
15448,169030.0
15457,242503.3333333333
15460,216301.6666666667
15462,142916.66666666666
15463,171818.253968254
15476,244401.66666666663
15478,190553.33333333328
15484,174366.66666666663
15489,148700.0
15490,275473.3333333333
15493,14200.0
15498,106166.66666666669
15504,116300.0
15511,144016.66666666666
15517,169801.90476190473
15518,94566.66666666669
15520,113198.92857142857
15529,148633.3333333333
15533,184866.66666666663
15536,238091.66666666663
15539,224786.66666666663
15540,185995.00000000003
15546,210126.01190476195
15552,150215.0
15563,97900.0
15564,135195.0
15569,113633.33333333334
15573,195505.0
15574,185113.33333333337
15584,111123.33333333331
15600,99200.0
15602,131450.0
15604,84400.0
15608,122569.99999999999
15612,123626.66666666669
15614,125400.0
15615,92400.0
15616,150622.85714285716
15621,203144.7619047619
15622,142330.00000000003
15630,166725.71428571426
15631,129300.0
15632,233250.0
15638,157741.66666666666
15640,187975.0
15645,151241.30952380953
15647,97900.0
15652,189788.33333333337
15670,116133.33333333331
15673,130403.33333333331
15692,215042.5
15694,193256.66666666663
15697,167037.14285714284
15702,152025.83333333334
15703,203196.42857142858
15721,178485.55555555556
15722,130172.14285714287
15737,151654.99999999997
15738,153985.47619047615
15750,154055.0
15751,229131.66666666663
15754,111150.0
15763,166249.52380952382
15765,159288.33333333337
15769,115600.0
15773,151845.0
15777,148400.0
15781,129916.30952380953
15795,173300.0
15796,101000.0
15800,21200.0
15825,145162.14285714284
15831,140743.33333333334
15836,116130.0
15838,119483.33333333331
15840,112916.66666666669
15844,139178.33333333334
15860,203191.42857142858
15865,98600.0
15870,129916.30952380953
15871,143386.1904761905
15878,143133.33333333334
15885,130170.23809523812
15887,117380.0
15892,108850.0
15893,109218.33333333331
15897,151250.0
15898,182850.0
15902,163440.0
15905,76100.0
15908,85500.0
15911,68566.66666666667
15920,87953.33333333334
15926,105233.33333333334
15932,128278.33333333336
15934,167649.28571428574
15936,161059.04761904763
15937,106549.99999999999
15938,137077.38095238095
15939,142346.66666666663
15951,156247.97619047618
15970,187850.0
15981,90066.66666666666
16003,111558.33333333331
16004,104496.90476190476
16012,118280.0
16013,222386.6666666667
16015,74200.0
16020,139285.0
16033,114931.66666666666
16036,165330.71428571426
16049,85616.66666666669
16051,140177.5
16052,114640.0
16053,155506.66666666666
16064,147813.33333333334
16067,114600.0
16074,106763.80952380951
16082,99300.0
16092,63000.0
16093,139950.0
16095,134826.66666666666
16096,154933.33333333334
16097,113443.57142857143
16100,130400.0
16102,102033.33333333331
16103,176467.14285714284
16116,179616.66666666663
16118,155123.33333333337
16121,93041.66666666669
16122,102166.66666666666
16124,115944.5238095238
16126,150333.33333333334
16128,93945.0
16133,92800.0
16138,92940.0
16141,136000.0
16153,29800.0
16155,139846.42857142855
16160,73600.0
16163,144496.90476190476
16183,154055.0
16191,69740.0
16199,84800.0
16209,186710.47619047615
16222,85939.28571428572
16226,153410.0
16230,128658.33333333334
16241,167430.0
16248,141309.99999999997
16259,72595.0
16261,72400.0
16263,148816.66666666666
16270,77700.0
16274,176003.3333333333
16287,155123.33333333337
16296,139246.66666666666
16300,119950.0
16306,93945.0
16309,89034.28571428572
16311,108871.66666666666
16324,182850.0
16328,164386.42857142855
16329,168083.33333333337
16332,77050.0
16336,56416.66666666667
16343,148460.0
16346,117025.0
16361,55100.0
16365,58300.0
16383,87600.0
16390,84586.66666666669
16394,165860.0
16411,128606.66666666669
16415,99018.57142857142
16426,122933.33333333331
16428,143133.33333333334
16430,80893.33333333334
16432,103683.33333333334
16438,81211.19047619047
16448,110866.66666666666
16459,102790.0
16463,69500.0
16467,140270.0
16478,79490.00000000001
16489,115980.0
16498,108871.66666666666
16510,81211.19047619047
16527,130800.0
16529,103900.0
16540,86900.0
16542,56966.66666666666
16546,53800.0
16551,56100.0
16559,90408.33333333334
16561,108100.0
16562,155731.66666666666
16567,72295.0
16568,87875.23809523809
16574,102790.0
16579,91400.0
16581,91050.0
16583,119441.66666666669
16590,77330.0
16594,118126.66666666669
16596,124155.0
16603,73950.0
16613,111150.0
16620,75330.0
16621,84630.0
16634,40100.0
16637,90600.0
16639,105334.28571428572
16640,102226.42857142858
16641,50800.0
16651,75609.5238095238
16659,73500.0
16660,59600.0
16684,50200.0
16693,91420.0
16702,60600.0
16705,131393.33333333334
16707,99018.57142857142
16721,75533.33333333333
16722,67333.33333333334
16728,59781.904761904785
16733,83185.71428571428
16746,112916.66666666669
16762,65900.0
16773,67950.0
16778,68566.66666666666
16784,73766.66666666669
16801,75533.33333333333
16814,107116.66666666666
16818,40400.0
16838,58900.0
16854,57806.66666666667
16861,42700.0
16872,58126.666666666686
16873,68016.66666666667
16874,58300.0
16888,45600.0
16889,90831.66666666669
16913,43300.0
16918,98500.0
16924,56966.66666666666
16929,49800.0
16932,62550.0
16937,46700.0
16943,44700.0
